Train,Survived,Age,SibSp,Parch,Fare,AgeGroup_old,AgeGroup_young,Relationship_married,Relationship_unmarried,Relationship_NA,Rank_royalty,Rank_normal,Rank_church,Rank_officer,Sex_female,Sex_male,Pclass_1,Pclass_2,Pclass_3,Deck_unknown,Deck_C,Deck_T,Deck_D,Deck_B,Deck_A,Deck_F,Deck_G,Deck_E
1.0,0.0,22.0,1,0,7.25,1,0,0,0,1,0,1,0,0,0,1,0,0,1,1,0,0,0,0,0,0,0,0
1.0,1.0,38.0,1,0,35.64165,1,0,1,0,0,0,1,0,0,1,0,1,0,0,0,1,0,0,0,0,0,0,0
1.0,1.0,26.0,0,0,7.925,1,0,0,1,0,0,1,0,0,1,0,0,0,1,1,0,0,0,0,0,0,0,0
1.0,1.0,35.0,1,0,26.55,1,0,1,0,0,0,1,0,0,1,0,1,0,0,0,1,0,0,0,0,0,0,0
1.0,0.0,35.0,0,0,8.05,1,0,0,0,1,0,1,0,0,0,1,0,0,1,1,0,0,0,0,0,0,0,0
1.0,0.0,29.881137667304014,0,0,8.4583,1,0,0,0,1,0,1,0,0,0,1,0,0,1,1,0,0,0,0,0,0,0,0
1.0,0.0,54.0,0,0,25.93125,1,0,0,0,1,0,1,0,0,0,1,1,0,0,0,0,0,0,0,0,0,0,1
1.0,0.0,2.0,3,1,4.215,0,1,0,1,0,0,1,0,0,0,1,0,0,1,1,0,0,0,0,0,0,0,0
1.0,1.0,27.0,0,2,3.7111,1,0,1,0,0,0,1,0,0,1,0,0,0,1,1,0,0,0,0,0,0,0,0
1.0,1.0,14.0,1,0,15.0354,0,1,1,0,0,0,1,0,0,1,0,0,1,0,1,0,0,0,0,0,0,0,0
1.0,1.0,4.0,1,1,5.566666666666666,0,1,0,1,0,0,1,0,0,1,0,0,0,1,0,0,0,0,0,0,0,1,0
1.0,1.0,58.0,0,0,26.55,1,0,0,1,0,0,1,0,0,1,0,1,0,0,0,1,0,0,0,0,0,0,0
1.0,0.0,20.0,0,0,8.05,1,0,0,0,1,0,1,0,0,0,1,0,0,1,1,0,0,0,0,0,0,0,0
1.0,0.0,39.0,1,5,4.4678571428571425,1,0,1,0,0,0,1,0,0,0,1,0,0,1,1,0,0,0,0,0,0,0,0
1.0,0.0,14.0,0,0,7.8542,0,1,0,1,0,0,1,0,0,1,0,0,0,1,1,0,0,0,0,0,0,0,0
1.0,1.0,55.0,0,0,16.0,1,0,1,0,0,0,1,0,0,1,0,0,1,0,1,0,0,0,0,0,0,0,0
1.0,0.0,2.0,4,1,4.854166666666667,0,1,0,1,0,0,1,0,0,0,1,0,0,1,1,0,0,0,0,0,0,0,0
1.0,1.0,29.881137667304014,0,0,13.0,1,0,0,0,1,0,1,0,0,0,1,0,1,0,1,0,0,0,0,0,0,0,0
1.0,0.0,31.0,1,0,9.0,1,0,1,0,0,0,1,0,0,1,0,0,0,1,1,0,0,0,0,0,0,0,0
1.0,1.0,29.881137667304014,0,0,7.225,1,0,1,0,0,0,1,0,0,1,0,0,0,1,1,0,0,0,0,0,0,0,0
1.0,0.0,35.0,0,0,13.0,1,0,0,0,1,0,1,0,0,0,1,0,1,0,1,0,0,0,0,0,0,0,0
1.0,1.0,34.0,0,0,13.0,1,0,0,0,1,0,1,0,0,0,1,0,1,0,0,0,0,1,0,0,0,0,0
1.0,1.0,15.0,0,0,8.0292,0,1,0,1,0,0,1,0,0,1,0,0,0,1,1,0,0,0,0,0,0,0,0
1.0,1.0,28.0,0,0,35.5,1,0,0,0,1,0,1,0,0,0,1,1,0,0,0,0,0,0,0,1,0,0,0
1.0,0.0,8.0,3,1,4.215,0,1,0,1,0,0,1,0,0,1,0,0,0,1,1,0,0,0,0,0,0,0,0
1.0,1.0,38.0,1,5,4.483928571428572,1,0,1,0,0,0,1,0,0,1,0,0,0,1,1,0,0,0,0,0,0,0,0
1.0,0.0,29.881137667304014,0,0,7.225,1,0,0,0,1,0,1,0,0,0,1,0,0,1,1,0,0,0,0,0,0,0,0
1.0,0.0,19.0,3,2,43.833333333333336,1,0,0,0,1,0,1,0,0,0,1,1,0,0,0,1,0,0,0,0,0,0,0
1.0,1.0,29.881137667304014,0,0,7.8792,1,0,0,1,0,0,1,0,0,1,0,0,0,1,1,0,0,0,0,0,0,0,0
1.0,0.0,29.881137667304014,0,0,7.8958,1,0,0,0,1,0,1,0,0,0,1,0,0,1,1,0,0,0,0,0,0,0,0
1.0,0.0,40.0,0,0,27.7208,1,0,0,0,1,1,0,0,0,0,1,1,0,0,1,0,0,0,0,0,0,0,0
1.0,1.0,29.881137667304014,1,0,48.84026666666667,1,0,1,0,0,0,1,0,0,1,0,1,0,0,0,0,0,0,1,0,0,0,0
1.0,1.0,29.881137667304014,0,0,7.75,1,0,0,1,0,0,1,0,0,1,0,0,0,1,1,0,0,0,0,0,0,0,0
1.0,0.0,66.0,0,0,10.5,1,0,0,0,1,0,1,0,0,0,1,0,1,0,1,0,0,0,0,0,0,0,0
1.0,0.0,28.0,1,0,41.0854,1,0,1,0,0,0,1,0,0,0,1,1,0,0,1,0,0,0,0,0,0,0,0
1.0,0.0,42.0,1,0,26.0,1,0,1,0,0,0,1,0,0,0,1,1,0,0,1,0,0,0,0,0,0,0,0
1.0,1.0,29.881137667304014,0,0,7.2292,1,0,0,0,1,0,1,0,0,0,1,0,0,1,1,0,0,0,0,0,0,0,0
1.0,0.0,21.0,0,0,8.05,1,0,0,0,1,0,1,0,0,0,1,0,0,1,1,0,0,0,0,0,0,0,0
1.0,0.0,18.0,2,0,9.0,1,0,0,1,0,0,1,0,0,1,0,0,0,1,1,0,0,0,0,0,0,0,0
1.0,1.0,14.0,1,0,5.62085,0,1,0,1,0,0,1,0,0,1,0,0,0,1,1,0,0,0,0,0,0,0,0
1.0,0.0,40.0,1,0,9.475,1,0,1,0,0,0,1,0,0,1,0,0,0,1,1,0,0,0,0,0,0,0,0
1.0,0.0,27.0,1,0,10.5,1,0,1,0,0,0,1,0,0,1,0,0,1,0,1,0,0,0,0,0,0,0,0
1.0,0.0,29.881137667304014,0,0,7.8958,1,0,0,0,1,0,1,0,0,0,1,0,0,1,1,0,0,0,0,0,0,0,0
1.0,1.0,3.0,1,2,10.3948,0,1,0,1,0,0,1,0,0,1,0,0,1,0,1,0,0,0,0,0,0,0,0
1.0,1.0,19.0,0,0,7.8792,1,0,0,1,0,0,1,0,0,1,0,0,0,1,1,0,0,0,0,0,0,0,0
1.0,0.0,29.881137667304014,0,0,8.05,1,0,0,0,1,0,1,0,0,0,1,0,0,1,1,0,0,0,0,0,0,0,0
1.0,0.0,29.881137667304014,1,0,7.75,1,0,0,0,1,0,1,0,0,0,1,0,0,1,1,0,0,0,0,0,0,0,0
1.0,1.0,29.881137667304014,0,0,7.75,1,0,0,1,0,0,1,0,0,1,0,0,0,1,1,0,0,0,0,0,0,0,0
1.0,0.0,29.881137667304014,2,0,7.226400000000001,1,0,0,0,1,0,1,0,0,0,1,0,0,1,1,0,0,0,0,0,0,0,0
1.0,0.0,18.0,1,0,8.9,1,0,1,0,0,0,1,0,0,1,0,0,0,1,1,0,0,0,0,0,0,0,0
1.0,0.0,7.0,4,1,5.669642857142857,0,1,0,1,0,0,1,0,0,0,1,0,0,1,1,0,0,0,0,0,0,0,0
1.0,0.0,21.0,0,0,7.8,1,0,0,0,1,0,1,0,0,0,1,0,0,1,1,0,0,0,0,0,0,0,0
1.0,1.0,49.0,1,0,25.576400000000003,1,0,1,0,0,0,1,0,0,1,0,1,0,0,0,0,0,1,0,0,0,0,0
1.0,1.0,29.0,1,0,13.0,1,0,1,0,0,0,1,0,0,1,0,0,1,0,1,0,0,0,0,0,0,0,0
1.0,0.0,65.0,0,1,30.9896,1,0,0,0,1,0,1,0,0,0,1,1,0,0,0,0,0,0,1,0,0,0,0
1.0,1.0,29.881137667304014,0,0,35.5,1,0,0,0,1,0,1,0,0,0,1,1,0,0,0,1,0,0,0,0,0,0,0
1.0,1.0,21.0,0,0,10.5,1,0,0,1,0,0,1,0,0,1,0,0,1,0,1,0,0,0,0,0,0,0,0
1.0,0.0,28.5,0,0,7.2292,1,0,0,0,1,0,1,0,0,0,1,0,0,1,1,0,0,0,0,0,0,0,0
1.0,1.0,5.0,1,2,6.9375,0,1,0,1,0,0,1,0,0,1,0,0,1,0,1,0,0,0,0,0,0,0,0
1.0,0.0,11.0,5,2,5.8625,0,1,0,1,0,0,1,0,0,0,1,0,0,1,1,0,0,0,0,0,0,0,0
1.0,0.0,22.0,0,0,7.2292,1,0,0,0,1,0,1,0,0,0,1,0,0,1,1,0,0,0,0,0,0,0,0
1.0,1.0,38.0,0,0,40.0,1,0,0,1,0,0,1,0,0,1,0,1,0,0,0,0,0,0,1,0,0,0,0
1.0,0.0,45.0,1,0,41.7375,1,0,1,0,0,0,1,0,0,0,1,1,0,0,0,1,0,0,0,0,0,0,0
1.0,0.0,4.0,3,2,4.6499999999999995,0,1,0,1,0,0,1,0,0,0,1,0,0,1,1,0,0,0,0,0,0,0,0
1.0,0.0,29.881137667304014,0,0,27.7208,1,0,0,0,1,0,1,0,0,0,1,1,0,0,1,0,0,0,0,0,0,0,0
1.0,1.0,29.881137667304014,1,1,5.081933333333333,0,1,0,1,0,0,1,0,0,0,1,0,0,1,1,0,0,0,0,0,0,0,0
1.0,1.0,29.0,0,0,10.5,1,0,1,0,0,0,1,0,0,1,0,0,1,0,0,0,0,0,0,0,1,0,0
1.0,0.0,19.0,0,0,8.1583,1,0,0,0,1,0,1,0,0,0,1,0,0,1,1,0,0,0,0,0,0,0,0
1.0,1.0,17.0,4,2,7.925,1,0,0,1,0,0,1,0,0,1,0,0,0,1,1,0,0,0,0,0,0,0,0
1.0,0.0,26.0,2,0,8.6625,1,0,0,0,1,0,1,0,0,0,1,0,0,1,1,0,0,0,0,0,0,0,0
1.0,0.0,32.0,0,0,10.5,1,0,0,0,1,0,1,0,0,0,1,0,1,0,1,0,0,0,0,0,0,0,0
1.0,0.0,16.0,5,2,5.8625,1,0,0,1,0,0,1,0,0,1,0,0,0,1,1,0,0,0,0,0,0,0,0
1.0,0.0,21.0,0,0,10.5,1,0,0,0,1,0,1,0,0,0,1,0,1,0,1,0,0,0,0,0,0,0,0
1.0,0.0,26.0,1,0,7.2271,1,0,0,0,1,0,1,0,0,0,1,0,0,1,1,0,0,0,0,0,0,0,0
1.0,1.0,32.0,0,0,7.061975,1,0,0,0,1,0,1,0,0,0,1,0,0,1,1,0,0,0,0,0,0,0,0
1.0,0.0,25.0,0,0,7.65,1,0,0,0,1,0,1,0,0,0,1,0,0,1,0,0,0,0,0,0,1,0,0
1.0,0.0,29.881137667304014,0,0,7.8958,1,0,0,0,1,0,1,0,0,0,1,0,0,1,1,0,0,0,0,0,0,0,0
1.0,0.0,29.881137667304014,0,0,8.05,1,0,0,0,1,0,1,0,0,0,1,0,0,1,1,0,0,0,0,0,0,0,0
1.0,1.0,0.83,0,2,9.666666666666666,0,1,0,1,0,0,1,0,0,0,1,0,1,0,1,0,0,0,0,0,0,0,0
1.0,1.0,30.0,0,0,6.2375,1,0,0,1,0,0,1,0,0,1,0,0,0,1,1,0,0,0,0,0,0,0,0
1.0,0.0,22.0,0,0,9.0,1,0,0,0,1,0,1,0,0,0,1,0,0,1,1,0,0,0,0,0,0,0,0
1.0,1.0,29.0,0,0,9.5,1,0,0,0,1,0,1,0,0,0,1,0,0,1,1,0,0,0,0,0,0,0,0
1.0,1.0,29.881137667304014,0,0,7.7875,1,0,0,1,0,0,1,0,0,1,0,0,0,1,1,0,0,0,0,0,0,0,0
1.0,0.0,28.0,0,0,23.55,1,0,0,0,1,0,1,0,0,0,1,1,0,0,1,0,0,0,0,0,0,0,0
1.0,1.0,17.0,0,0,10.5,1,0,0,1,0,0,1,0,0,1,0,0,1,0,1,0,0,0,0,0,0,0,0
1.0,1.0,33.0,3,0,7.925,1,0,1,0,0,0,1,0,0,1,0,0,0,1,1,0,0,0,0,0,0,0,0
1.0,0.0,16.0,1,3,6.875,1,0,0,0,1,0,1,0,0,0,1,0,0,1,1,0,0,0,0,0,0,0,0
1.0,0.0,29.881137667304014,0,0,8.05,1,0,0,0,1,0,1,0,0,0,1,0,0,1,1,0,0,0,0,0,0,0,0
1.0,1.0,23.0,3,2,43.833333333333336,1,0,0,1,0,0,1,0,0,1,0,1,0,0,0,1,0,0,0,0,0,0,0
1.0,0.0,24.0,0,0,8.05,1,0,0,0,1,0,1,0,0,0,1,0,0,1,1,0,0,0,0,0,0,0,0
1.0,0.0,29.0,0,0,8.05,1,0,0,0,1,0,1,0,0,0,1,0,0,1,1,0,0,0,0,0,0,0,0
1.0,0.0,20.0,0,0,7.8542,1,0,0,0,1,0,1,0,0,0,1,0,0,1,1,0,0,0,0,0,0,0,0
1.0,0.0,46.0,1,0,30.5875,1,0,1,0,0,0,1,0,0,0,1,1,0,0,0,0,0,0,0,0,0,0,1
1.0,0.0,26.0,1,2,5.14375,1,0,1,0,0,0,1,0,0,0,1,0,0,1,1,0,0,0,0,0,0,0,0
1.0,0.0,59.0,0,0,7.25,1,0,0,0,1,0,1,0,0,0,1,0,0,1,1,0,0,0,0,0,0,0,0
1.0,0.0,29.881137667304014,0,0,8.05,1,0,0,0,1,0,1,0,0,0,1,0,0,1,1,0,0,0,0,0,0,0,0
1.0,0.0,71.0,0,0,34.6542,1,0,0,0,1,0,1,0,0,0,1,1,0,0,0,0,0,0,0,1,0,0,0
1.0,1.0,23.0,0,1,31.67915,1,0,0,0,1,0,1,0,0,0,1,1,0,0,0,0,0,1,0,0,0,0,0
1.0,1.0,34.0,0,1,11.5,1,0,1,0,0,0,1,0,0,1,0,0,1,0,1,0,0,0,0,0,0,0,0
1.0,0.0,34.0,1,0,13.0,1,0,1,0,0,0,1,0,0,0,1,0,1,0,1,0,0,0,0,0,0,0,0
1.0,0.0,28.0,0,0,7.8958,1,0,0,1,0,0,1,0,0,1,0,0,0,1,1,0,0,0,0,0,0,0,0
1.0,0.0,29.881137667304014,0,0,7.8958,1,0,0,0,1,0,1,0,0,0,1,0,0,1,1,0,0,0,0,0,0,0,0
1.0,0.0,21.0,0,1,38.64375,1,0,0,0,1,0,1,0,0,0,1,1,0,0,0,0,0,1,0,0,0,0,0
1.0,0.0,33.0,0,0,8.6542,1,0,0,0,1,0,1,0,0,0,1,0,0,1,1,0,0,0,0,0,0,0,0
1.0,0.0,37.0,2,0,7.925,1,0,0,0,1,0,1,0,0,0,1,0,0,1,1,0,0,0,0,0,0,0,0
1.0,0.0,28.0,0,0,7.8958,1,0,0,0,1,0,1,0,0,0,1,0,0,1,1,0,0,0,0,0,0,0,0
1.0,1.0,21.0,0,0,7.65,1,0,0,1,0,0,1,0,0,1,0,0,0,1,1,0,0,0,0,0,0,0,0
1.0,1.0,29.881137667304014,0,0,7.775,1,0,0,0,1,0,1,0,0,0,1,0,0,1,1,0,0,0,0,0,0,0,0
1.0,0.0,38.0,0,0,7.8958,1,0,0,0,1,0,1,0,0,0,1,0,0,1,1,0,0,0,0,0,0,0,0
1.0,1.0,29.881137667304014,1,0,8.049999999999999,1,0,0,1,0,0,1,0,0,1,0,0,0,1,1,0,0,0,0,0,0,0,0
1.0,0.0,47.0,0,0,26.0,1,0,0,0,1,0,1,0,0,0,1,1,0,0,0,1,0,0,0,0,0,0,0
1.0,0.0,14.5,1,0,7.2271,0,1,0,1,0,0,1,0,0,1,0,0,0,1,1,0,0,0,0,0,0,0,0
1.0,0.0,22.0,0,0,8.05,1,0,0,0,1,0,1,0,0,0,1,0,0,1,1,0,0,0,0,0,0,0,0
1.0,0.0,20.0,1,0,9.825,1,0,0,1,0,0,1,0,0,1,0,0,0,1,1,0,0,0,0,0,0,0,0
1.0,0.0,17.0,0,0,7.22915,1,0,0,1,0,0,1,0,0,1,0,0,0,1,1,0,0,0,0,0,0,0,0
1.0,0.0,21.0,0,0,7.925,1,0,0,0,1,0,1,0,0,0,1,0,0,1,1,0,0,0,0,0,0,0,0
1.0,0.0,70.5,0,0,7.75,1,0,0,0,1,0,1,0,0,0,1,0,0,1,1,0,0,0,0,0,0,0,0
1.0,0.0,29.0,1,0,10.5,1,0,1,0,0,0,1,0,0,0,1,0,1,0,1,0,0,0,0,0,0,0,0
1.0,0.0,24.0,0,1,82.50693333333334,1,0,0,0,1,0,1,0,0,0,1,1,0,0,0,0,0,0,1,0,0,0,0
1.0,0.0,2.0,4,2,4.4678571428571425,0,1,0,1,0,0,1,0,0,1,0,0,0,1,1,0,0,0,0,0,0,0,0
1.0,0.0,21.0,2,0,10.5,1,0,0,0,1,0,1,0,0,0,1,0,1,0,1,0,0,0,0,0,0,0,0
1.0,0.0,29.881137667304014,0,0,8.05,1,0,0,0,1,0,1,0,0,0,1,0,0,1,1,0,0,0,0,0,0,0,0
1.0,0.0,32.5,1,0,15.0354,1,0,1,0,0,0,1,0,0,0,1,0,1,0,1,0,0,0,0,0,0,0,0
1.0,1.0,32.5,0,0,13.0,1,0,0,1,0,0,1,0,0,1,0,0,1,0,0,0,0,0,0,0,0,0,1
1.0,0.0,54.0,0,1,38.64375,1,0,0,0,1,0,1,0,0,0,1,1,0,0,0,0,0,1,0,0,0,0,0
1.0,1.0,12.0,1,0,5.62085,0,1,0,1,0,0,1,0,0,0,1,0,0,1,1,0,0,0,0,0,0,0,0
1.0,0.0,29.881137667304014,0,0,7.75,1,0,0,0,1,0,1,0,0,0,1,0,0,1,1,0,0,0,0,0,0,0,0
1.0,1.0,24.0,0,0,7.1417,1,0,0,0,1,0,1,0,0,0,1,0,0,1,1,0,0,0,0,0,0,0,0
1.0,1.0,29.881137667304014,1,1,7.452766666666666,1,0,0,1,0,0,1,0,0,1,0,0,0,1,0,0,0,0,0,0,1,0,0
1.0,0.0,45.0,0,0,6.975,1,0,0,0,1,0,1,0,0,0,1,0,0,1,1,0,0,0,0,0,0,0,0
1.0,0.0,33.0,0,0,7.8958,1,0,0,0,1,0,1,0,0,0,1,0,0,1,1,0,0,0,0,0,0,0,0
1.0,0.0,20.0,0,0,7.05,1,0,0,0,1,0,1,0,0,0,1,0,0,1,1,0,0,0,0,0,0,0,0
1.0,0.0,47.0,1,0,7.25,1,0,1,0,0,0,1,0,0,1,0,0,0,1,1,0,0,0,0,0,0,0,0
1.0,1.0,29.0,1,0,13.0,1,0,1,0,0,0,1,0,0,1,0,0,1,0,1,0,0,0,0,0,0,0,0
1.0,0.0,25.0,0,0,13.0,1,0,0,0,1,0,1,0,0,0,1,0,1,0,1,0,0,0,0,0,0,0,0
1.0,0.0,23.0,0,0,15.0458,1,0,0,0,1,0,1,0,0,0,1,0,1,0,1,0,0,0,0,0,0,0,0
1.0,1.0,19.0,0,2,26.2833,1,0,0,1,0,0,1,0,0,1,0,1,0,0,0,0,0,1,0,0,0,0,0
1.0,0.0,37.0,1,0,26.55,1,0,1,0,0,0,1,0,0,0,1,1,0,0,0,1,0,0,0,0,0,0,0
1.0,0.0,16.0,0,0,4.60835,1,0,0,0,1,0,1,0,0,0,1,0,0,1,1,0,0,0,0,0,0,0,0
1.0,0.0,24.0,0,0,39.6,1,0,0,0,1,0,1,0,0,0,1,1,0,0,0,0,0,0,1,0,0,0,0
1.0,0.0,29.881137667304014,0,2,5.081933333333333,1,0,1,0,0,0,1,0,0,1,0,0,0,1,1,0,0,0,0,0,0,0,0
1.0,1.0,22.0,0,0,7.75,1,0,0,1,0,0,1,0,0,1,0,0,0,1,1,0,0,0,0,0,0,0,0
1.0,1.0,24.0,1,0,7.925,1,0,1,0,0,0,1,0,0,1,0,0,0,1,1,0,0,0,0,0,0,0,0
1.0,0.0,19.0,0,0,6.75,1,0,0,0,1,0,1,0,0,0,1,0,0,1,1,0,0,0,0,0,0,0,0
1.0,0.0,18.0,0,0,11.5,1,0,0,0,1,0,1,0,0,0,1,0,1,0,1,0,0,0,0,0,0,0,0
1.0,0.0,19.0,1,1,9.1875,1,0,0,0,1,0,1,0,0,0,1,0,1,0,1,0,0,0,0,0,0,0,0
1.0,1.0,27.0,0,0,7.7958,1,0,0,0,1,0,1,0,0,0,1,0,0,1,1,0,0,0,0,0,0,0,0
1.0,0.0,9.0,2,2,6.875,0,1,0,1,0,0,1,0,0,1,0,0,0,1,1,0,0,0,0,0,0,0,0
1.0,0.0,36.5,0,2,8.666666666666666,1,0,0,0,1,0,1,0,0,0,1,0,1,0,0,0,0,0,0,0,1,0,0
1.0,0.0,42.0,0,0,13.0,1,0,0,0,1,0,0,1,0,0,1,0,1,0,1,0,0,0,0,0,0,0,0
1.0,0.0,51.0,0,0,12.525,1,0,0,0,1,0,0,1,0,0,1,0,1,0,1,0,0,0,0,0,0,0,0
1.0,1.0,22.0,1,0,33.3,1,0,1,0,0,0,1,0,0,1,0,1,0,0,0,1,0,0,0,0,0,0,0
1.0,0.0,55.5,0,0,8.05,1,0,0,0,1,0,1,0,0,0,1,0,0,1,1,0,0,0,0,0,0,0,0
1.0,0.0,40.5,0,2,4.833333333333333,1,0,0,0,1,0,1,0,0,0,1,0,0,1,1,0,0,0,0,0,0,0,0
1.0,0.0,29.881137667304014,0,0,7.3125,1,0,0,0,1,0,1,0,0,0,1,0,0,1,1,0,0,0,0,0,0,0,0
1.0,0.0,51.0,0,1,30.6896,1,0,0,0,1,0,1,0,0,0,1,1,0,0,1,0,0,0,0,0,0,0,0
1.0,1.0,16.0,0,0,7.7333,1,0,0,1,0,0,1,0,0,1,0,0,0,1,1,0,0,0,0,0,0,0,0
1.0,0.0,30.0,0,0,8.05,1,0,0,0,1,0,1,0,0,0,1,0,0,1,1,0,0,0,0,0,0,0,0
1.0,0.0,29.881137667304014,0,0,8.6625,1,0,0,0,1,0,1,0,0,0,1,0,0,1,1,0,0,0,0,0,0,0,0
1.0,0.0,29.881137667304014,8,2,6.322727272727272,0,1,0,1,0,0,1,0,0,0,1,0,0,1,1,0,0,0,0,0,0,0,0
1.0,0.0,44.0,0,1,8.05,1,0,0,0,1,0,1,0,0,0,1,0,0,1,1,0,0,0,0,0,0,0,0
1.0,1.0,40.0,0,0,7.875,1,0,1,0,0,0,1,0,0,1,0,0,1,0,1,0,0,0,0,0,0,0,0
1.0,0.0,26.0,0,0,7.775,1,0,0,0,1,0,1,0,0,0,1,0,0,1,1,0,0,0,0,0,0,0,0
1.0,0.0,17.0,0,0,8.6625,1,0,0,0,1,0,1,0,0,0,1,0,0,1,1,0,0,0,0,0,0,0,0
1.0,0.0,1.0,4,1,5.669642857142857,0,1,0,1,0,0,1,0,0,0,1,0,0,1,1,0,0,0,0,0,0,0,0
1.0,1.0,9.0,0,2,6.841666666666666,0,1,0,1,0,0,1,0,0,0,1,0,0,1,1,0,0,0,0,0,0,0,0
1.0,1.0,29.881137667304014,0,1,27.5,1,0,1,0,0,0,1,0,0,1,0,1,0,0,0,0,0,0,0,0,0,0,1
1.0,0.0,45.0,1,4,4.6499999999999995,1,0,1,0,0,0,1,0,0,1,0,0,0,1,1,0,0,0,0,0,0,0,0
1.0,0.0,29.881137667304014,0,0,25.925,1,0,0,0,1,0,1,0,0,0,1,1,0,0,1,0,0,0,0,0,0,0,0
1.0,0.0,28.0,0,0,7.061975,1,0,0,0,1,0,1,0,0,0,1,0,0,1,1,0,0,0,0,0,0,0,0
1.0,0.0,61.0,0,0,33.5,1,0,0,0,1,0,1,0,0,0,1,1,0,0,0,0,0,0,1,0,0,0,0
1.0,0.0,4.0,4,1,4.854166666666667,0,1,0,1,0,0,1,0,0,0,1,0,0,1,1,0,0,0,0,0,0,0,0
1.0,1.0,1.0,1,1,3.7111,0,1,0,1,0,0,1,0,0,1,0,0,0,1,1,0,0,0,0,0,0,0,0
1.0,0.0,21.0,0,0,7.925,1,0,0,0,1,0,1,0,0,0,1,0,0,1,1,0,0,0,0,0,0,0,0
1.0,0.0,56.0,0,0,30.6958,1,0,0,0,1,0,1,0,0,0,1,1,0,0,0,0,0,0,0,1,0,0,0
1.0,0.0,18.0,1,1,7.8542,1,0,0,0,1,0,1,0,0,0,1,0,0,1,1,0,0,0,0,0,0,0,0
1.0,0.0,29.881137667304014,3,1,5.0933399999999995,0,1,0,1,0,0,1,0,0,0,1,0,0,1,1,0,0,0,0,0,0,0,0
1.0,0.0,50.0,0,0,28.7125,1,0,0,1,0,0,1,0,0,1,0,1,0,0,0,1,0,0,0,0,0,0,0
1.0,0.0,30.0,0,0,13.0,1,0,0,0,1,0,1,0,0,0,1,0,1,0,1,0,0,0,0,0,0,0,0
1.0,0.0,36.0,0,0,0.0,1,0,0,0,1,0,1,0,0,0,1,0,0,1,1,0,0,0,0,0,0,0,0
1.0,0.0,29.881137667304014,8,2,6.322727272727272,1,0,0,1,0,0,1,0,0,1,0,0,0,1,1,0,0,0,0,0,0,0,0
1.0,0.0,29.881137667304014,0,0,15.05,1,0,0,0,1,0,1,0,0,0,1,0,1,0,1,0,0,0,0,0,0,0,0
1.0,0.0,9.0,4,2,4.483928571428572,0,1,0,1,0,0,1,0,0,0,1,0,0,1,1,0,0,0,0,0,0,0,0
1.0,1.0,1.0,2,1,9.75,0,1,0,1,0,0,1,0,0,0,1,0,1,0,0,0,0,0,0,0,1,0,0
1.0,1.0,4.0,0,2,7.341666666666666,0,1,0,1,0,0,1,0,0,1,0,0,0,1,1,0,0,0,0,0,0,0,0
1.0,0.0,29.881137667304014,0,0,50.0,1,0,0,0,1,0,1,0,0,0,1,1,0,0,0,0,0,0,0,1,0,0,0
1.0,1.0,29.881137667304014,1,0,7.75,1,0,1,0,0,0,1,0,0,1,0,0,0,1,1,0,0,0,0,0,0,0,0
1.0,1.0,45.0,0,0,26.55,1,0,0,0,1,0,1,0,0,0,1,1,0,0,1,0,0,0,0,0,0,0,0
1.0,0.0,40.0,1,1,7.75,1,0,1,0,0,0,1,0,0,0,1,0,0,1,1,0,0,0,0,0,0,0,0
1.0,0.0,36.0,0,0,7.8958,1,0,0,0,1,0,1,0,0,0,1,0,0,1,1,0,0,0,0,0,0,0,0
1.0,1.0,32.0,0,0,13.0,1,0,1,0,0,0,1,0,0,1,0,0,1,0,1,0,0,0,0,0,0,0,0
1.0,0.0,19.0,0,0,13.0,1,0,0,0,1,0,1,0,0,0,1,0,1,0,1,0,0,0,0,0,0,0,0
1.0,1.0,19.0,1,0,7.8542,1,0,0,1,0,0,1,0,0,1,0,0,0,1,1,0,0,0,0,0,0,0,0
1.0,1.0,3.0,1,1,8.666666666666666,0,1,0,1,0,0,1,0,0,0,1,0,1,0,0,0,0,0,0,0,1,0,0
1.0,1.0,44.0,0,0,27.7208,1,0,1,0,0,0,1,0,0,1,0,1,0,0,0,0,0,0,1,0,0,0,0
1.0,1.0,58.0,0,0,48.84026666666667,1,0,0,1,0,0,1,0,0,1,0,1,0,0,0,0,0,0,1,0,0,0,0
1.0,0.0,29.881137667304014,0,0,7.75,1,0,0,0,1,0,1,0,0,0,1,0,0,1,1,0,0,0,0,0,0,0,0
1.0,0.0,42.0,0,1,8.4042,1,0,0,0,1,0,1,0,0,0,1,0,0,1,1,0,0,0,0,0,0,0,0
1.0,1.0,29.881137667304014,0,0,7.75,1,0,0,1,0,0,1,0,0,1,0,0,0,1,1,0,0,0,0,0,0,0,0
1.0,0.0,24.0,0,0,13.0,1,0,0,1,0,0,1,0,0,1,0,0,1,0,1,0,0,0,0,0,0,0,0
1.0,0.0,28.0,0,0,9.5,1,0,0,0,1,0,1,0,0,0,1,0,0,1,1,0,0,0,0,0,0,0,0
1.0,0.0,29.881137667304014,8,2,6.322727272727272,1,0,0,0,1,0,1,0,0,0,1,0,0,1,1,0,0,0,0,0,0,0,0
1.0,0.0,34.0,0,0,6.4958,1,0,0,0,1,0,1,0,0,0,1,0,0,1,1,0,0,0,0,0,0,0,0
1.0,0.0,45.5,0,0,7.225,1,0,0,0,1,0,1,0,0,0,1,0,0,1,1,0,0,0,0,0,0,0,0
1.0,1.0,18.0,0,0,8.05,1,0,0,0,1,0,1,0,0,0,1,0,0,1,1,0,0,0,0,0,0,0,0
1.0,0.0,2.0,0,1,5.23125,0,1,0,1,0,0,1,0,0,1,0,0,0,1,0,0,0,0,0,0,0,1,0
1.0,0.0,32.0,1,0,7.925,1,0,1,0,0,0,1,0,0,0,1,0,0,1,1,0,0,0,0,0,0,0,0
1.0,1.0,26.0,0,0,9.39375,1,0,0,0,1,0,1,0,0,0,1,0,0,1,1,0,0,0,0,0,0,0,0
1.0,1.0,16.0,0,0,7.75,1,0,0,1,0,0,1,0,0,1,0,0,0,1,1,0,0,0,0,0,0,0,0
1.0,1.0,40.0,0,0,31.0,1,0,0,0,1,0,1,0,0,0,1,1,0,0,0,0,0,0,0,1,0,0,0
1.0,0.0,24.0,0,0,7.05,1,0,0,0,1,0,1,0,0,0,1,0,0,1,1,0,0,0,0,0,0,0,0
1.0,1.0,35.0,0,0,10.5,1,0,0,1,0,0,1,0,0,1,0,0,1,0,1,0,0,0,0,0,0,0,0
1.0,0.0,22.0,0,0,7.25,1,0,0,0,1,0,1,0,0,0,1,0,0,1,1,0,0,0,0,0,0,0,0
1.0,0.0,30.0,0,0,13.0,1,0,0,0,1,0,1,0,0,0,1,0,1,0,1,0,0,0,0,0,0,0,0
1.0,0.0,29.881137667304014,1,0,7.75,1,0,0,0,1,0,1,0,0,0,1,0,0,1,1,0,0,0,0,0,0,0,0
1.0,1.0,31.0,1,0,37.75833333333333,1,0,0,1,0,0,1,0,0,1,0,1,0,0,0,0,0,1,0,0,0,0,0
1.0,1.0,27.0,0,0,7.925,1,0,0,1,0,0,1,0,0,1,0,0,0,1,1,0,0,0,0,0,0,0,0
1.0,0.0,42.0,1,0,13.5,1,0,1,0,0,0,1,0,0,0,1,0,1,0,1,0,0,0,0,0,0,0,0
1.0,1.0,32.0,0,0,38.14585,1,0,0,1,0,0,1,0,0,1,0,1,0,0,0,0,0,1,0,0,0,0,0
1.0,0.0,30.0,0,0,10.5,1,0,0,0,1,0,1,0,0,0,1,0,1,0,1,0,0,0,0,0,0,0,0
1.0,1.0,16.0,0,0,8.05,1,0,0,0,1,0,1,0,0,0,1,0,0,1,1,0,0,0,0,0,0,0,0
1.0,0.0,27.0,0,0,13.0,1,0,0,0,1,0,1,0,0,0,1,0,1,0,1,0,0,0,0,0,0,0,0
1.0,0.0,51.0,0,0,8.05,1,0,0,0,1,0,1,0,0,0,1,0,0,1,1,0,0,0,0,0,0,0,0
1.0,0.0,29.881137667304014,0,0,7.8958,1,0,0,0,1,0,1,0,0,0,1,0,0,1,1,0,0,0,0,0,0,0,0
1.0,1.0,38.0,1,0,45.0,1,0,1,0,0,0,1,0,0,0,1,1,0,0,0,1,0,0,0,0,0,0,0
1.0,0.0,22.0,0,0,9.35,1,0,0,0,1,0,1,0,0,0,1,0,0,1,1,0,0,0,0,0,0,0,0
1.0,1.0,19.0,0,0,10.5,1,0,0,0,1,0,1,0,0,0,1,0,1,0,1,0,0,0,0,0,0,0,0
1.0,0.0,20.5,0,0,7.25,1,0,0,0,1,0,1,0,0,0,1,0,0,1,1,0,0,0,0,0,0,0,0
1.0,0.0,18.0,0,0,13.0,1,0,0,0,1,0,1,0,0,0,1,0,1,0,1,0,0,0,0,0,0,0,0
1.0,0.0,29.881137667304014,3,1,5.0933399999999995,1,0,0,1,0,0,1,0,0,1,0,0,0,1,1,0,0,0,0,0,0,0,0
1.0,1.0,35.0,1,0,41.7375,1,0,1,0,0,0,1,0,0,1,0,1,0,0,0,1,0,0,0,0,0,0,0
1.0,0.0,29.0,0,0,7.775,1,0,0,0,1,0,1,0,0,0,1,0,0,1,1,0,0,0,0,0,0,0,0
1.0,0.0,59.0,0,0,13.5,1,0,0,0,1,0,1,0,0,0,1,0,1,0,1,0,0,0,0,0,0,0,0
1.0,1.0,5.0,4,2,4.483928571428572,0,1,0,1,0,0,1,0,0,1,0,0,0,1,1,0,0,0,0,0,0,0,0
1.0,0.0,24.0,0,0,10.5,1,0,0,0,1,0,1,0,0,0,1,0,1,0,1,0,0,0,0,0,0,0,0
1.0,0.0,29.881137667304014,0,0,7.55,1,0,0,1,0,0,1,0,0,1,0,0,0,1,1,0,0,0,0,0,0,0,0
1.0,0.0,44.0,1,0,13.0,1,0,1,0,0,0,1,0,0,0,1,0,1,0,1,0,0,0,0,0,0,0,0
1.0,1.0,8.0,0,2,8.75,0,1,0,1,0,0,1,0,0,1,0,0,1,0,1,0,0,0,0,0,0,0,0
1.0,0.0,19.0,0,0,10.5,1,0,0,0,1,0,1,0,0,0,1,0,1,0,1,0,0,0,0,0,0,0,0
1.0,0.0,33.0,0,0,12.275,1,0,0,0,1,0,1,0,0,0,1,0,1,0,1,0,0,0,0,0,0,0,0
1.0,0.0,29.881137667304014,1,0,7.2271,1,0,0,1,0,0,1,0,0,1,0,0,0,1,1,0,0,0,0,0,0,0,0
1.0,1.0,29.881137667304014,1,0,7.75,1,0,0,1,0,0,1,0,0,1,0,0,0,1,1,0,0,0,0,0,0,0,0
1.0,0.0,29.0,0,0,10.5,1,0,0,0,1,0,1,0,0,0,1,0,1,0,1,0,0,0,0,0,0,0,0
1.0,0.0,22.0,0,0,7.125,1,0,0,0,1,0,1,0,0,0,1,0,0,1,1,0,0,0,0,0,0,0,0
1.0,0.0,30.0,0,0,7.225,1,0,0,0,1,0,1,0,0,0,1,0,0,1,1,0,0,0,0,0,0,0,0
1.0,0.0,44.0,2,0,30.0,1,0,0,0,1,0,1,0,0,0,1,1,0,0,0,1,0,0,0,0,0,0,0
1.0,0.0,25.0,0,0,7.775,1,0,0,1,0,0,1,0,0,1,0,0,0,1,1,0,0,0,0,0,0,0,0
1.0,1.0,24.0,0,2,7.25,1,0,1,0,0,0,1,0,0,1,0,0,1,0,1,0,0,0,0,0,0,0,0
1.0,1.0,37.0,1,1,26.2771,1,0,1,0,0,0,1,0,0,0,1,1,0,0,0,0,0,1,0,0,0,0,0
1.0,0.0,54.0,1,0,13.0,1,0,0,0,1,0,0,1,0,0,1,0,1,0,1,0,0,0,0,0,0,0,0
1.0,0.0,29.881137667304014,0,0,7.25,1,0,0,0,1,0,1,0,0,0,1,0,0,1,1,0,0,0,0,0,0,0,0
1.0,0.0,29.0,1,1,5.23125,1,0,1,0,0,0,1,0,0,1,0,0,0,1,0,0,0,0,0,0,0,1,0
1.0,0.0,62.0,0,0,26.55,1,0,0,0,1,0,1,0,0,0,1,1,0,0,0,1,0,0,0,0,0,0,0
1.0,0.0,30.0,1,0,8.05,1,0,1,0,0,0,1,0,0,0,1,0,0,1,1,0,0,0,0,0,0,0,0
1.0,0.0,41.0,0,2,6.7375,1,0,1,0,0,0,1,0,0,1,0,0,0,1,1,0,0,0,0,0,0,0,0
1.0,1.0,29.0,0,2,5.081933333333333,1,0,1,0,0,0,1,0,0,1,0,0,0,1,1,0,0,0,0,0,0,0,0
1.0,1.0,29.881137667304014,0,0,39.6,1,0,1,0,0,0,1,0,0,1,0,1,0,0,1,0,0,0,0,0,0,0,0
1.0,1.0,30.0,0,0,28.833333333333332,1,0,0,1,0,0,1,0,0,1,0,1,0,0,0,0,0,0,1,0,0,0,0
1.0,1.0,35.0,0,0,128.0823,1,0,0,1,0,0,1,0,0,1,0,1,0,0,1,0,0,0,0,0,0,0,0
1.0,1.0,50.0,0,1,13.0,1,0,1,0,0,0,1,0,0,1,0,0,1,0,1,0,0,0,0,0,0,0,0
1.0,0.0,29.881137667304014,0,0,7.75,1,0,0,0,1,0,1,0,0,0,1,0,0,1,1,0,0,0,0,0,0,0,0
1.0,1.0,3.0,4,2,4.483928571428572,0,1,0,1,0,0,1,0,0,0,1,0,0,1,1,0,0,0,0,0,0,0,0
1.0,0.0,52.0,1,1,26.55,1,0,1,0,0,0,1,0,0,0,1,1,0,0,0,0,0,0,0,0,0,0,1
1.0,0.0,40.0,0,0,0.0,1,0,0,0,1,0,1,0,0,0,1,1,0,0,0,0,0,0,1,0,0,0,0
1.0,0.0,29.881137667304014,0,0,7.75,1,0,0,1,0,0,1,0,0,1,0,0,0,1,1,0,0,0,0,0,0,0,0
1.0,0.0,36.0,0,0,10.5,1,0,0,0,1,0,1,0,0,0,1,0,1,0,1,0,0,0,0,0,0,0,0
1.0,0.0,16.0,4,1,5.669642857142857,1,0,0,0,1,0,1,0,0,0,1,0,0,1,1,0,0,0,0,0,0,0,0
1.0,1.0,25.0,1,0,7.775,1,0,0,0,1,0,1,0,0,0,1,0,0,1,1,0,0,0,0,0,0,0,0
1.0,1.0,58.0,0,1,51.15416666666667,1,0,1,0,0,0,1,0,0,1,0,1,0,0,0,1,0,0,0,0,0,0,0
1.0,1.0,35.0,0,0,33.908325,1,0,0,1,0,0,1,0,0,1,0,1,0,0,0,1,0,0,0,0,0,0,0
1.0,0.0,29.881137667304014,0,0,15.5,1,0,0,0,1,0,1,0,0,0,1,1,0,0,1,0,0,0,0,0,0,0,0
1.0,1.0,25.0,0,0,0.0,1,0,0,0,1,0,1,0,0,0,1,0,0,1,1,0,0,0,0,0,0,0,0
1.0,1.0,41.0,0,1,9.75,1,0,1,0,0,0,1,0,0,1,0,0,1,0,1,0,0,0,0,0,0,0,0
1.0,0.0,37.0,0,1,29.7,1,0,0,0,1,0,1,0,0,0,1,1,0,0,0,1,0,0,0,0,0,0,0
1.0,1.0,29.881137667304014,0,0,7.75,1,0,0,1,0,0,1,0,0,1,0,0,0,1,1,0,0,0,0,0,0,0,0
1.0,1.0,63.0,1,0,25.986099999999997,1,0,0,1,0,0,1,0,0,1,0,1,0,0,0,0,0,1,0,0,0,0,0
1.0,0.0,45.0,0,0,7.75,1,0,0,1,0,0,1,0,0,1,0,0,0,1,1,0,0,0,0,0,0,0,0
1.0,0.0,29.881137667304014,0,0,0.0,1,0,0,0,1,0,1,0,0,0,1,0,1,0,1,0,0,0,0,0,0,0,0
1.0,0.0,7.0,4,1,4.854166666666667,0,1,0,1,0,0,1,0,0,0,1,0,0,1,1,0,0,0,0,0,0,0,0
1.0,1.0,35.0,1,1,6.75,1,0,1,0,0,0,1,0,0,1,0,0,0,1,1,0,0,0,0,0,0,0,0
1.0,0.0,65.0,0,0,7.75,1,0,0,0,1,0,1,0,0,0,1,0,0,1,1,0,0,0,0,0,0,0,0
1.0,0.0,28.0,0,0,7.8542,1,0,0,0,1,0,1,0,0,0,1,0,0,1,1,0,0,0,0,0,0,0,0
1.0,0.0,16.0,0,0,9.5,1,0,0,0,1,0,1,0,0,0,1,0,0,1,1,0,0,0,0,0,0,0,0
1.0,1.0,19.0,0,0,8.05,1,0,0,0,1,0,1,0,0,0,1,0,0,1,1,0,0,0,0,0,0,0,0
1.0,0.0,29.881137667304014,0,0,26.0,1,0,0,0,1,0,1,0,0,0,1,1,0,0,0,0,0,0,0,1,0,0,0
1.0,0.0,33.0,0,0,8.6625,1,0,0,0,1,0,1,0,0,0,1,0,0,1,1,0,0,0,0,0,0,0,0
1.0,1.0,30.0,0,0,9.5,1,0,0,0,1,0,1,0,0,0,1,0,0,1,1,0,0,0,0,0,0,0,0
1.0,0.0,22.0,0,0,7.8958,1,0,0,0,1,0,1,0,0,0,1,0,0,1,1,0,0,0,0,0,0,0,0
1.0,1.0,42.0,0,0,13.0,1,0,0,0,1,0,1,0,0,0,1,0,1,0,1,0,0,0,0,0,0,0,0
1.0,1.0,22.0,0,0,7.75,1,0,0,1,0,0,1,0,0,1,0,0,0,1,1,0,0,0,0,0,0,0,0
1.0,1.0,26.0,0,0,26.28333333333333,1,0,0,1,0,0,1,0,0,1,0,1,0,0,1,0,0,0,0,0,0,0,0
1.0,1.0,19.0,1,0,45.5396,1,0,1,0,0,0,1,0,0,1,0,1,0,0,0,0,0,0,1,0,0,0,0
1.0,0.0,36.0,0,0,12.875,1,0,0,0,1,0,1,0,0,0,1,0,1,0,0,0,0,1,0,0,0,0,0
1.0,0.0,24.0,0,0,8.85,1,0,0,1,0,0,1,0,0,1,0,0,0,1,1,0,0,0,0,0,0,0,0
1.0,0.0,24.0,0,0,7.8958,1,0,0,0,1,0,1,0,0,0,1,0,0,1,1,0,0,0,0,0,0,0,0
1.0,0.0,29.881137667304014,0,0,27.7208,1,0,0,0,1,0,1,0,0,0,1,1,0,0,1,0,0,0,0,0,0,0,0
1.0,0.0,23.5,0,0,7.2292,1,0,0,0,1,0,1,0,0,0,1,0,0,1,1,0,0,0,0,0,0,0,0
1.0,0.0,2.0,1,2,25.258333333333336,0,1,0,1,0,0,1,0,0,1,0,1,0,0,0,1,0,0,0,0,0,0,0
1.0,1.0,29.881137667304014,0,0,30.5,1,0,0,0,1,0,1,0,0,0,1,1,0,0,0,1,0,0,0,0,0,0,0
1.0,1.0,50.0,0,1,82.50693333333334,1,0,1,0,0,0,1,0,0,1,0,1,0,0,0,0,0,0,1,0,0,0,0
1.0,1.0,29.881137667304014,0,0,7.75,1,0,0,1,0,0,1,0,0,1,0,0,0,1,1,0,0,0,0,0,0,0,0
1.0,1.0,29.881137667304014,2,0,7.75,1,0,0,0,1,0,1,0,0,0,1,0,0,1,1,0,0,0,0,0,0,0,0
1.0,0.0,19.0,0,0,0.0,1,0,0,0,1,0,1,0,0,0,1,0,0,1,1,0,0,0,0,0,0,0,0
1.0,1.0,29.881137667304014,0,0,12.35,1,0,0,1,0,0,1,0,0,1,0,0,1,0,0,0,0,0,0,0,0,0,1
1.0,0.0,29.881137667304014,0,0,8.05,1,0,0,0,1,0,1,0,0,0,1,0,0,1,1,0,0,0,0,0,0,0,0
1.0,1.0,0.92,1,2,25.258333333333336,0,1,0,1,0,0,1,0,0,0,1,1,0,0,0,1,0,0,0,0,0,0,0
1.0,1.0,29.881137667304014,0,0,27.720825,1,0,0,1,0,0,1,0,0,1,0,1,0,0,1,0,0,0,0,0,0,0,0
1.0,1.0,17.0,1,0,36.300000000000004,1,0,1,0,0,0,1,0,0,1,0,1,0,0,0,1,0,0,0,0,0,0,0
1.0,0.0,30.0,1,0,12.0,1,0,1,0,0,0,1,0,0,0,1,0,1,0,1,0,0,0,0,0,0,0,0
1.0,1.0,30.0,0,0,28.4646,1,0,0,1,0,0,1,0,0,1,0,1,0,0,0,0,0,0,0,0,0,0,1
1.0,1.0,24.0,0,0,27.71943333333333,1,0,0,1,0,0,1,0,0,1,0,1,0,0,0,1,0,0,0,0,0,0,0
1.0,1.0,18.0,2,2,37.482142857142854,1,0,0,1,0,0,1,0,0,1,0,1,0,0,0,0,0,0,1,0,0,0,0
1.0,0.0,26.0,1,1,13.0,1,0,1,0,0,0,1,0,0,1,0,0,1,0,1,0,0,0,0,0,0,0,0
1.0,0.0,28.0,0,0,7.8958,1,0,0,0,1,0,1,0,0,0,1,0,0,1,1,0,0,0,0,0,0,0,0
1.0,0.0,43.0,1,1,8.75,1,0,1,0,0,0,1,0,0,0,1,0,1,0,1,0,0,0,0,0,0,0,0
1.0,1.0,26.0,0,0,7.8542,1,0,0,1,0,0,1,0,0,1,0,0,0,1,1,0,0,0,0,0,0,0,0
1.0,1.0,24.0,1,0,13.0,1,0,1,0,0,0,1,0,0,1,0,0,1,0,1,0,0,0,0,0,0,0,0
1.0,0.0,54.0,0,0,14.0,1,0,0,0,1,0,1,0,0,0,1,0,1,0,1,0,0,0,0,0,0,0,0
1.0,1.0,31.0,0,2,41.216675,1,0,0,1,0,0,1,0,0,1,0,1,0,0,0,1,0,0,0,0,0,0,0
1.0,1.0,40.0,1,1,26.9,1,0,1,0,0,0,1,0,0,1,0,1,0,0,0,0,0,0,0,0,0,0,1
1.0,0.0,22.0,0,0,7.25,1,0,0,0,1,0,1,0,0,0,1,0,0,1,1,0,0,0,0,0,0,0,0
1.0,0.0,27.0,0,0,7.8958,1,0,0,0,1,0,1,0,0,0,1,0,0,1,1,0,0,0,0,0,0,0,0
1.0,1.0,30.0,0,0,12.35,1,0,0,1,0,0,1,0,0,1,0,0,1,0,1,0,0,0,0,0,0,0,0
1.0,1.0,22.0,1,1,9.666666666666666,1,0,1,0,0,0,1,0,0,1,0,0,1,0,1,0,0,0,0,0,0,0,0
1.0,0.0,29.881137667304014,8,2,6.322727272727272,1,0,0,0,1,0,1,0,0,0,1,0,0,1,1,0,0,0,0,0,0,0,0
1.0,1.0,36.0,0,0,33.908325,1,0,0,1,0,0,1,0,0,1,0,1,0,0,0,1,0,0,0,0,0,0,0
1.0,0.0,61.0,0,0,6.2375,1,0,0,0,1,0,1,0,0,0,1,0,0,1,1,0,0,0,0,0,0,0,0
1.0,1.0,36.0,0,0,13.0,1,0,1,0,0,0,1,0,0,1,0,0,1,0,0,0,0,1,0,0,0,0,0
1.0,1.0,31.0,1,1,6.841666666666666,1,0,1,0,0,0,1,0,0,1,0,0,0,1,1,0,0,0,0,0,0,0,0
1.0,1.0,16.0,0,1,28.9896,1,0,0,1,0,0,1,0,0,1,0,1,0,0,0,0,0,0,1,0,0,0,0
1.0,1.0,29.881137667304014,2,0,7.75,1,0,0,1,0,0,1,0,0,1,0,0,0,1,1,0,0,0,0,0,0,0,0
1.0,0.0,45.5,0,0,28.5,1,0,0,0,1,0,1,0,0,0,1,1,0,0,0,1,0,0,0,0,0,0,0
1.0,0.0,38.0,0,1,51.15416666666667,1,0,0,0,1,0,1,0,0,0,1,1,0,0,0,1,0,0,0,0,0,0,0
1.0,0.0,16.0,2,0,9.0,1,0,1,0,0,0,1,0,0,0,1,0,0,1,1,0,0,0,0,0,0,0,0
1.0,1.0,29.881137667304014,1,0,66.825,1,0,1,0,0,0,1,0,0,1,0,1,0,0,1,0,0,0,0,0,0,0,0
1.0,0.0,29.881137667304014,0,0,7.8958,1,0,0,0,1,0,1,0,0,0,1,0,0,1,1,0,0,0,0,0,0,0,0
1.0,0.0,29.0,1,0,33.3,1,0,1,0,0,0,1,0,0,0,1,1,0,0,0,1,0,0,0,0,0,0,0
1.0,1.0,41.0,0,0,26.9,1,0,0,1,0,0,1,0,0,1,0,1,0,0,0,0,0,0,0,0,0,0,1
1.0,1.0,45.0,0,0,8.05,1,0,0,0,1,0,1,0,0,0,1,0,0,1,1,0,0,0,0,0,0,0,0
1.0,0.0,45.0,0,0,35.5,1,0,0,0,1,0,1,0,0,0,1,1,0,0,0,0,1,0,0,0,0,0,0
1.0,1.0,2.0,1,1,8.666666666666666,0,1,0,1,0,0,1,0,0,0,1,0,1,0,0,0,0,0,0,0,1,0,0
1.0,1.0,24.0,3,2,43.833333333333336,1,0,0,1,0,0,1,0,0,1,0,1,0,0,0,1,0,0,0,0,0,0,0
1.0,0.0,28.0,0,0,13.0,1,0,0,0,1,0,1,0,0,0,1,0,1,0,1,0,0,0,0,0,0,0,0
1.0,0.0,25.0,0,0,13.0,1,0,0,0,1,0,1,0,0,0,1,0,1,0,1,0,0,0,0,0,0,0,0
1.0,0.0,36.0,0,0,13.0,1,0,0,0,1,0,1,0,0,0,1,0,1,0,1,0,0,0,0,0,0,0,0
1.0,1.0,24.0,0,0,13.0,1,0,0,1,0,0,1,0,0,1,0,0,1,0,0,0,0,0,0,0,1,0,0
1.0,1.0,40.0,0,0,13.0,1,0,0,1,0,0,1,0,0,1,0,0,1,0,1,0,0,0,0,0,0,0,0
1.0,1.0,29.881137667304014,1,0,8.05,1,0,1,0,0,0,1,0,0,1,0,0,0,1,1,0,0,0,0,0,0,0,0
1.0,1.0,3.0,1,1,5.3,0,1,0,1,0,0,1,0,0,0,1,0,0,1,1,0,0,0,0,0,0,0,0
1.0,0.0,42.0,0,0,8.6625,1,0,0,0,1,0,1,0,0,0,1,0,0,1,1,0,0,0,0,0,0,0,0
1.0,0.0,23.0,0,0,9.225,1,0,0,0,1,0,1,0,0,0,1,0,0,1,1,0,0,0,0,0,0,0,0
1.0,0.0,29.881137667304014,0,0,35.0,1,0,0,0,1,0,1,0,0,0,1,1,0,0,0,1,0,0,0,0,0,0,0
1.0,0.0,15.0,1,1,7.2292,0,1,0,0,1,0,1,0,0,0,1,0,0,1,1,0,0,0,0,0,0,0,0
1.0,0.0,25.0,1,0,8.9,1,0,1,0,0,0,1,0,0,0,1,0,0,1,1,0,0,0,0,0,0,0,0
1.0,0.0,29.881137667304014,0,0,7.225,1,0,0,0,1,0,1,0,0,0,1,0,0,1,1,0,0,0,0,0,0,0,0
1.0,0.0,28.0,0,0,9.5,1,0,0,0,1,0,1,0,0,0,1,0,0,1,1,0,0,0,0,0,0,0,0
1.0,1.0,22.0,0,1,27.5,1,0,0,1,0,0,1,0,0,1,0,1,0,0,0,0,0,0,0,0,0,0,1
1.0,0.0,38.0,0,0,13.0,1,0,0,1,0,0,1,0,0,1,0,0,1,0,1,0,0,0,0,0,0,0,0
1.0,1.0,29.881137667304014,0,0,7.8792,1,0,0,1,0,0,1,0,0,1,0,0,0,1,1,0,0,0,0,0,0,0,0
1.0,1.0,29.881137667304014,0,0,7.8792,1,0,0,1,0,0,1,0,0,1,0,0,0,1,1,0,0,0,0,0,0,0,0
1.0,0.0,40.0,1,4,4.6499999999999995,1,0,0,0,1,0,1,0,0,0,1,0,0,1,1,0,0,0,0,0,0,0,0
1.0,0.0,29.0,1,0,13.8604,1,0,1,0,0,0,1,0,0,0,1,0,1,0,1,0,0,0,0,0,0,0,0
1.0,0.0,45.0,0,1,7.2271,1,0,1,0,0,0,1,0,0,1,0,0,0,1,1,0,0,0,0,0,0,0,0
1.0,0.0,35.0,0,0,7.05,1,0,0,0,1,0,1,0,0,0,1,0,0,1,1,0,0,0,0,0,0,0,0
1.0,0.0,29.881137667304014,1,0,7.75,1,0,1,0,0,0,1,0,0,0,1,0,0,1,1,0,0,0,0,0,0,0,0
1.0,0.0,30.0,0,0,7.25,1,0,0,0,1,0,1,0,0,0,1,0,0,1,1,0,0,0,0,0,0,0,0
1.0,1.0,60.0,1,0,37.625,1,0,1,0,0,0,1,0,0,1,0,1,0,0,0,0,0,1,0,0,0,0,0
1.0,1.0,29.881137667304014,0,0,7.2292,1,0,1,0,0,0,1,0,0,1,0,0,0,1,1,0,0,0,0,0,0,0,0
1.0,1.0,29.881137667304014,0,0,7.75,1,0,0,1,0,0,1,0,0,1,0,0,0,1,1,0,0,0,0,0,0,0,0
1.0,1.0,24.0,0,0,34.65,1,0,1,0,0,0,1,0,0,1,0,1,0,0,0,0,0,0,1,0,0,0,0
1.0,1.0,25.0,1,0,27.72085,1,0,1,0,0,0,1,0,0,0,1,1,0,0,0,0,0,0,0,0,0,0,1
1.0,0.0,18.0,1,0,6.4958,1,0,0,0,1,0,1,0,0,0,1,0,0,1,1,0,0,0,0,0,0,0,0
1.0,0.0,19.0,0,0,8.05,1,0,0,0,1,0,1,0,0,0,1,0,0,1,1,0,0,0,0,0,0,0,0
1.0,0.0,22.0,0,0,33.908325,1,0,0,0,1,0,1,0,0,0,1,1,0,0,1,0,0,0,0,0,0,0,0
1.0,0.0,3.0,3,1,4.215,0,1,0,1,0,0,1,0,0,1,0,0,0,1,1,0,0,0,0,0,0,0,0
1.0,1.0,29.881137667304014,1,0,41.0854,1,0,1,0,0,0,1,0,0,1,0,1,0,0,1,0,0,0,0,0,0,0,0
1.0,1.0,22.0,0,0,7.25,1,0,0,1,0,0,1,0,0,1,0,0,0,1,1,0,0,0,0,0,0,0,0
1.0,0.0,27.0,0,2,42.3,1,0,0,0,1,0,1,0,0,0,1,1,0,0,0,1,0,0,0,0,0,0,0
1.0,0.0,20.0,0,0,4.0125,1,0,0,0,1,0,1,0,0,0,1,0,0,1,1,0,0,0,0,0,0,0,0
1.0,0.0,19.0,0,0,7.775,1,0,0,0,1,0,1,0,0,0,1,0,0,1,1,0,0,0,0,0,0,0,0
1.0,1.0,42.0,0,0,45.505,1,0,0,1,0,0,1,0,0,1,0,1,0,0,1,0,0,0,0,0,0,0,0
1.0,1.0,1.0,0,2,5.247233333333333,0,1,0,1,0,0,1,0,0,1,0,0,0,1,1,0,0,0,0,0,0,0,0
1.0,0.0,32.0,0,0,7.925,1,0,0,0,1,0,1,0,0,0,1,0,0,1,1,0,0,0,0,0,0,0,0
1.0,1.0,35.0,1,0,26.0,1,0,1,0,0,0,1,0,0,1,0,1,0,0,1,0,0,0,0,0,0,0,0
1.0,0.0,29.881137667304014,0,0,7.8958,1,0,0,0,1,0,1,0,0,0,1,0,0,1,1,0,0,0,0,0,0,0,0
1.0,0.0,18.0,0,0,10.5,1,0,0,0,1,0,1,0,0,0,1,0,1,0,1,0,0,0,0,0,0,0,0
1.0,0.0,1.0,5,2,5.8625,0,1,0,1,0,0,1,0,0,0,1,0,0,1,1,0,0,0,0,0,0,0,0
1.0,1.0,36.0,0,0,13.0,1,0,0,1,0,0,1,0,0,1,0,0,1,0,1,0,0,0,0,0,0,0,0
1.0,0.0,29.881137667304014,0,0,7.7292,1,0,0,0,1,0,1,0,0,0,1,0,0,1,1,0,0,0,0,0,0,0,0
1.0,1.0,17.0,0,0,12.0,1,0,0,1,0,0,1,0,0,1,0,0,1,0,1,0,0,0,0,0,0,0,0
1.0,1.0,36.0,1,2,30.0,1,0,1,0,0,0,1,0,0,0,1,1,0,0,0,0,0,0,1,0,0,0,0
1.0,1.0,21.0,0,0,7.7958,1,0,0,0,1,0,1,0,0,0,1,0,0,1,1,0,0,0,0,0,0,0,0
1.0,0.0,28.0,2,0,7.925,1,0,0,0,1,0,1,0,0,0,1,0,0,1,1,0,0,0,0,0,0,0,0
1.0,1.0,23.0,1,0,37.75833333333333,1,0,0,1,0,0,1,0,0,1,0,1,0,0,0,0,0,1,0,0,0,0,0
1.0,1.0,24.0,0,2,5.566666666666666,1,0,1,0,0,0,1,0,0,1,0,0,0,1,0,0,0,0,0,0,0,1,0
1.0,0.0,22.0,0,0,7.7958,1,0,0,0,1,0,1,0,0,0,1,0,0,1,1,0,0,0,0,0,0,0,0
1.0,0.0,31.0,0,0,7.8542,1,0,0,1,0,0,1,0,0,1,0,0,0,1,1,0,0,0,0,0,0,0,0
1.0,0.0,46.0,0,0,13.0,1,0,0,0,1,0,1,0,0,0,1,0,1,0,1,0,0,0,0,0,0,0,0
1.0,0.0,23.0,0,0,10.5,1,0,0,0,1,0,1,0,0,0,1,0,1,0,1,0,0,0,0,0,0,0,0
1.0,1.0,28.0,0,0,12.65,1,0,1,0,0,0,1,0,0,1,0,0,1,0,1,0,0,0,0,0,0,0,0
1.0,1.0,39.0,0,0,7.925,1,0,0,0,1,0,1,0,0,0,1,0,0,1,1,0,0,0,0,0,0,0,0
1.0,0.0,26.0,0,0,8.05,1,0,0,0,1,0,1,0,0,0,1,0,0,1,1,0,0,0,0,0,0,0,0
1.0,0.0,21.0,1,0,9.825,1,0,0,1,0,0,1,0,0,1,0,0,0,1,1,0,0,0,0,0,0,0,0
1.0,0.0,28.0,1,0,7.925,1,0,1,0,0,0,1,0,0,0,1,0,0,1,1,0,0,0,0,0,0,0,0
1.0,0.0,20.0,0,0,8.6625,1,0,0,1,0,0,1,0,0,1,0,0,0,1,1,0,0,0,0,0,0,0,0
1.0,0.0,34.0,1,0,10.5,1,0,0,0,1,0,1,0,0,0,1,0,1,0,1,0,0,0,0,0,0,0,0
1.0,0.0,51.0,0,0,7.75,1,0,0,0,1,0,1,0,0,0,1,0,0,1,1,0,0,0,0,0,0,0,0
1.0,1.0,3.0,1,1,6.25,0,1,0,1,0,0,1,0,0,0,1,0,1,0,1,0,0,0,0,0,0,0,0
1.0,0.0,21.0,0,0,7.775,1,0,0,0,1,0,1,0,0,0,1,0,0,1,1,0,0,0,0,0,0,0,0
1.0,0.0,29.881137667304014,3,1,5.0933399999999995,1,0,0,1,0,0,1,0,0,1,0,0,0,1,1,0,0,0,0,0,0,0,0
1.0,0.0,29.881137667304014,0,0,7.8958,1,0,0,0,1,0,1,0,0,0,1,0,0,1,1,0,0,0,0,0,0,0,0
1.0,0.0,29.881137667304014,0,0,6.8583,1,0,0,0,1,0,1,0,0,0,1,0,0,1,1,0,0,0,0,0,0,0,0
1.0,1.0,33.0,1,0,30.0,1,0,0,1,0,0,1,0,0,1,0,1,0,0,0,1,0,0,0,0,0,0,0
1.0,0.0,29.881137667304014,0,0,0.0,1,0,0,0,1,0,1,0,0,0,1,0,1,0,1,0,0,0,0,0,0,0,0
1.0,1.0,44.0,0,0,7.925,1,0,0,0,1,0,1,0,0,0,1,0,0,1,1,0,0,0,0,0,0,0,0
1.0,0.0,29.881137667304014,0,0,8.05,1,0,1,0,0,0,1,0,0,1,0,0,0,1,1,0,0,0,0,0,0,0,0
1.0,1.0,34.0,1,1,10.833333333333334,1,0,1,0,0,0,1,0,0,1,0,0,1,0,1,0,0,0,0,0,0,0,0
1.0,1.0,18.0,0,2,13.0,1,0,0,1,0,0,1,0,0,1,0,0,1,0,1,0,0,0,0,0,0,0,0
1.0,0.0,30.0,0,0,13.0,1,0,0,0,1,0,1,0,0,0,1,0,1,0,1,0,0,0,0,0,0,0,0
1.0,0.0,10.0,0,2,8.049999999999999,0,1,0,1,0,0,1,0,0,1,0,0,0,1,1,0,0,0,0,0,0,0,0
1.0,0.0,29.881137667304014,0,0,7.8958,1,0,0,0,1,0,1,0,0,0,1,0,0,1,1,0,0,0,0,0,0,0,0
1.0,0.0,21.0,0,0,7.7333,1,0,0,0,1,0,1,0,0,0,1,0,0,1,1,0,0,0,0,0,0,0,0
1.0,0.0,29.0,0,0,7.875,1,0,0,0,1,0,1,0,0,0,1,0,0,1,1,0,0,0,0,0,0,0,0
1.0,0.0,28.0,1,1,4.8,1,0,1,0,0,0,1,0,0,1,0,0,0,1,1,0,0,0,0,0,0,0,0
1.0,0.0,18.0,1,1,6.7375,1,0,1,0,0,0,1,0,0,0,1,0,0,1,1,0,0,0,0,0,0,0,0
1.0,0.0,29.881137667304014,0,0,7.25,1,0,0,0,1,0,1,0,0,0,1,0,0,1,1,0,0,0,0,0,0,0,0
1.0,1.0,28.0,1,0,13.0,1,0,1,0,0,0,1,0,0,1,0,0,1,0,1,0,0,0,0,0,0,0,0
1.0,1.0,19.0,0,0,13.0,1,0,0,1,0,0,1,0,0,1,0,0,1,0,1,0,0,0,0,0,0,0,0
1.0,0.0,29.881137667304014,0,0,7.75,1,0,0,0,1,0,1,0,0,0,1,0,0,1,1,0,0,0,0,0,0,0,0
1.0,1.0,32.0,0,0,8.05,1,0,0,0,1,0,1,0,0,0,1,0,0,1,0,0,0,0,0,0,0,0,1
1.0,1.0,28.0,0,0,26.55,1,0,0,0,1,0,1,0,0,0,1,1,0,0,0,1,0,0,0,0,0,0,0
1.0,1.0,29.881137667304014,1,0,8.05,1,0,1,0,0,0,1,0,0,1,0,0,0,1,1,0,0,0,0,0,0,0,0
1.0,1.0,42.0,1,0,13.0,1,0,1,0,0,0,1,0,0,1,0,0,1,0,1,0,0,0,0,0,0,0,0
1.0,0.0,17.0,0,0,7.125,1,0,0,0,1,0,1,0,0,0,1,0,0,1,1,0,0,0,0,0,0,0,0
1.0,0.0,50.0,1,0,27.95,1,0,1,0,0,0,1,0,0,0,1,1,0,0,0,0,0,0,0,0,0,0,1
1.0,1.0,14.0,1,2,30.0,0,1,0,1,0,0,1,0,0,1,0,1,0,0,0,0,0,0,1,0,0,0,0
1.0,0.0,21.0,2,2,6.875,1,0,0,1,0,0,1,0,0,1,0,0,0,1,1,0,0,0,0,0,0,0,0
1.0,1.0,24.0,2,3,6.25,1,0,1,0,0,0,1,0,0,1,0,0,1,0,1,0,0,0,0,0,0,0,0
1.0,0.0,64.0,1,4,43.833333333333336,1,0,1,0,0,0,1,0,0,0,1,1,0,0,0,1,0,0,0,0,0,0,0
1.0,0.0,31.0,0,0,10.5,1,0,0,0,1,0,1,0,0,0,1,0,1,0,1,0,0,0,0,0,0,0,0
1.0,1.0,45.0,1,1,8.75,1,0,1,0,0,0,1,0,0,1,0,0,1,0,1,0,0,0,0,0,0,0,0
1.0,0.0,20.0,0,0,9.5,1,0,0,0,1,0,1,0,0,0,1,0,0,1,1,0,0,0,0,0,0,0,0
1.0,0.0,25.0,1,0,7.775,1,0,0,0,1,0,1,0,0,0,1,0,0,1,1,0,0,0,0,0,0,0,0
1.0,1.0,28.0,0,0,13.0,1,0,0,1,0,0,1,0,0,1,0,0,1,0,1,0,0,0,0,0,0,0,0
1.0,1.0,29.881137667304014,0,0,8.1125,1,0,0,0,1,0,1,0,0,0,1,0,0,1,1,0,0,0,0,0,0,0,0
1.0,1.0,4.0,0,2,27.2861,0,1,0,1,0,0,1,0,0,0,1,1,0,0,0,0,0,0,0,1,0,0,0
1.0,1.0,13.0,0,1,9.75,0,1,0,1,0,0,1,0,0,1,0,0,1,0,1,0,0,0,0,0,0,0,0
1.0,1.0,34.0,0,0,26.55,1,0,0,0,1,0,1,0,0,0,1,1,0,0,1,0,0,0,0,0,0,0,0
1.0,1.0,5.0,2,1,4.814575,0,1,0,1,0,0,1,0,0,1,0,0,0,1,1,0,0,0,0,0,0,0,0
1.0,1.0,52.0,0,0,30.5,1,0,0,0,1,0,0,0,1,0,1,1,0,0,0,1,0,0,0,0,0,0,0
1.0,0.0,36.0,1,2,6.9375,1,0,1,0,0,0,1,0,0,0,1,0,1,0,1,0,0,0,0,0,0,0,0
1.0,0.0,29.881137667304014,1,0,19.9667,1,0,0,0,1,0,1,0,0,0,1,0,0,1,1,0,0,0,0,0,0,0,0
1.0,0.0,30.0,0,0,27.75,1,0,0,0,1,0,1,0,0,0,1,1,0,0,0,1,0,0,0,0,0,0,0
1.0,1.0,49.0,1,0,44.5521,1,0,1,0,0,0,1,0,0,0,1,1,0,0,0,1,0,0,0,0,0,0,0
1.0,0.0,29.881137667304014,0,0,8.05,1,0,0,0,1,0,1,0,0,0,1,0,0,1,1,0,0,0,0,0,0,0,0
1.0,1.0,29.0,0,0,7.8958,1,0,0,0,1,0,1,0,0,0,1,0,0,1,1,0,0,0,0,0,0,0,0
1.0,0.0,65.0,0,0,26.55,1,0,0,0,1,0,1,0,0,0,1,1,0,0,0,0,0,0,0,0,0,0,1
1.0,1.0,29.881137667304014,1,0,25.93125,1,0,1,0,0,0,1,0,0,1,0,1,0,0,0,0,0,1,0,0,0,0,0
1.0,1.0,50.0,0,0,10.5,1,0,0,1,0,0,1,0,0,1,0,0,1,0,1,0,0,0,0,0,0,0,0
1.0,0.0,29.881137667304014,0,0,7.75,1,0,0,0,1,0,1,0,0,0,1,0,0,1,1,0,0,0,0,0,0,0,0
1.0,1.0,48.0,0,0,26.55,1,0,0,0,1,0,1,0,0,0,1,1,0,0,0,0,0,0,0,0,0,0,1
1.0,0.0,34.0,0,0,8.05,1,0,0,0,1,0,1,0,0,0,1,0,0,1,1,0,0,0,0,0,0,0,0
1.0,0.0,47.0,0,0,38.5,1,0,0,0,1,0,1,0,0,0,1,1,0,0,0,0,0,0,0,0,0,0,1
1.0,0.0,48.0,0,0,13.0,1,0,0,0,1,0,1,0,0,0,1,0,1,0,1,0,0,0,0,0,0,0,0
1.0,0.0,29.881137667304014,0,0,8.05,1,0,0,0,1,0,1,0,0,0,1,0,0,1,1,0,0,0,0,0,0,0,0
1.0,0.0,38.0,0,0,7.05,1,0,0,0,1,0,1,0,0,0,1,0,0,1,1,0,0,0,0,0,0,0,0
1.0,0.0,29.881137667304014,0,0,0.0,1,0,0,0,1,0,1,0,0,0,1,0,1,0,1,0,0,0,0,0,0,0,0
1.0,0.0,56.0,0,0,26.55,1,0,0,0,1,0,1,0,0,0,1,1,0,0,1,0,0,0,0,0,0,0,0
1.0,0.0,29.881137667304014,0,0,7.725,1,0,0,0,1,0,1,0,0,0,1,0,0,1,1,0,0,0,0,0,0,0,0
1.0,1.0,0.75,2,1,4.814575,0,1,0,1,0,0,1,0,0,1,0,0,0,1,1,0,0,0,0,0,0,0,0
1.0,0.0,29.881137667304014,0,0,7.25,1,0,0,0,1,0,1,0,0,0,1,0,0,1,1,0,0,0,0,0,0,0,0
1.0,0.0,38.0,0,0,8.6625,1,0,0,0,1,0,1,0,0,0,1,0,0,1,1,0,0,0,0,0,0,0,0
1.0,1.0,33.0,1,2,6.9375,1,0,1,0,0,0,1,0,0,1,0,0,1,0,1,0,0,0,0,0,0,0,0
1.0,1.0,23.0,0,0,13.7917,1,0,1,0,0,0,1,0,0,1,0,0,1,0,0,0,0,1,0,0,0,0,0
1.0,0.0,22.0,0,0,9.8375,1,0,0,1,0,0,1,0,0,1,0,0,0,1,1,0,0,0,0,0,0,0,0
1.0,0.0,29.881137667304014,0,0,26.0,1,0,0,0,1,0,1,0,0,0,1,1,0,0,0,0,0,0,0,1,0,0,0
1.0,0.0,34.0,1,0,10.5,1,0,1,0,0,0,1,0,0,0,1,0,1,0,1,0,0,0,0,0,0,0,0
1.0,0.0,29.0,1,0,7.0458,1,0,0,0,1,0,1,0,0,0,1,0,0,1,1,0,0,0,0,0,0,0,0
1.0,0.0,22.0,0,0,7.5208,1,0,0,0,1,0,1,0,0,0,1,0,0,1,1,0,0,0,0,0,0,0,0
1.0,1.0,2.0,0,1,6.14375,0,1,0,1,0,0,1,0,0,1,0,0,0,1,1,0,0,0,0,0,0,0,0
1.0,0.0,9.0,5,2,5.8625,0,1,0,1,0,0,1,0,0,0,1,0,0,1,1,0,0,0,0,0,0,0,0
1.0,0.0,29.881137667304014,0,0,0.0,1,0,0,0,1,0,1,0,0,0,1,0,1,0,1,0,0,0,0,0,0,0,0
1.0,0.0,50.0,0,0,8.05,1,0,0,0,1,0,1,0,0,0,1,0,0,1,1,0,0,0,0,0,0,0,0
1.0,1.0,63.0,0,0,9.5875,1,0,1,0,0,0,1,0,0,1,0,0,0,1,1,0,0,0,0,0,0,0,0
1.0,1.0,25.0,1,0,45.5396,1,0,1,0,0,0,1,0,0,0,1,1,0,0,0,0,0,0,1,0,0,0,0
1.0,0.0,29.881137667304014,3,1,5.0933399999999995,1,0,0,1,0,0,1,0,0,1,0,0,0,1,1,0,0,0,0,0,0,0,0
1.0,1.0,35.0,1,0,45.0,1,0,1,0,0,0,1,0,0,1,0,1,0,0,0,1,0,0,0,0,0,0,0
1.0,0.0,58.0,0,0,29.7,1,0,0,0,1,0,1,0,0,0,1,1,0,0,0,0,0,0,1,0,0,0,0
1.0,0.0,30.0,0,0,8.05,1,0,0,0,1,0,1,0,0,0,1,0,0,1,1,0,0,0,0,0,0,0,0
1.0,1.0,9.0,1,1,5.3,0,1,0,1,0,0,1,0,0,0,1,0,0,1,1,0,0,0,0,0,0,0,0
1.0,0.0,29.881137667304014,1,0,19.9667,1,0,0,0,1,0,1,0,0,0,1,0,0,1,1,0,0,0,0,0,0,0,0
1.0,0.0,21.0,0,0,7.25,1,0,0,0,1,0,1,0,0,0,1,0,0,1,1,0,0,0,0,0,0,0,0
1.0,0.0,55.0,0,0,30.5,1,0,0,0,1,0,1,0,0,0,1,1,0,0,0,1,0,0,0,0,0,0,0
1.0,0.0,71.0,0,0,49.5042,1,0,0,0,1,0,1,0,0,0,1,1,0,0,1,0,0,0,0,0,0,0,0
1.0,0.0,21.0,0,0,8.05,1,0,0,0,1,0,1,0,0,0,1,0,0,1,1,0,0,0,0,0,0,0,0
1.0,0.0,29.881137667304014,0,0,7.22915,1,0,0,0,1,0,1,0,0,0,1,0,0,1,1,0,0,0,0,0,0,0,0
1.0,1.0,54.0,1,0,39.13335,1,0,0,1,0,0,1,0,0,1,0,1,0,0,0,0,0,1,0,0,0,0,0
1.0,0.0,29.881137667304014,0,0,7.55,1,0,0,0,1,0,1,0,0,0,1,0,0,1,1,0,0,0,0,0,0,0,0
1.0,0.0,25.0,1,2,25.258333333333336,1,0,1,0,0,0,1,0,0,1,0,1,0,0,0,1,0,0,0,0,0,0,0
1.0,0.0,24.0,0,0,7.7958,1,0,0,0,1,0,1,0,0,0,1,0,0,1,1,0,0,0,0,0,0,0,0
1.0,0.0,17.0,0,0,8.6625,1,0,0,0,1,0,1,0,0,0,1,0,0,1,1,0,0,0,0,0,0,0,0
1.0,0.0,21.0,0,0,7.75,1,0,0,1,0,0,1,0,0,1,0,0,0,1,1,0,0,0,0,0,0,0,0
1.0,0.0,29.881137667304014,0,0,7.6292,1,0,0,1,0,0,1,0,0,1,0,0,0,1,1,0,0,0,0,0,0,0,0
1.0,0.0,37.0,0,0,9.5875,1,0,0,1,0,0,1,0,0,1,0,0,0,1,1,0,0,0,0,0,0,0,0
1.0,1.0,16.0,0,0,28.833333333333332,1,0,0,1,0,0,1,0,0,1,0,1,0,0,0,0,0,0,1,0,0,0,0
1.0,0.0,18.0,1,0,36.300000000000004,1,0,1,0,0,0,1,0,0,0,1,1,0,0,0,1,0,0,0,0,0,0,0
1.0,1.0,33.0,0,2,8.666666666666666,1,0,1,0,0,0,1,0,0,1,0,0,1,0,1,0,0,0,0,0,0,0,0
1.0,1.0,29.881137667304014,0,0,26.55,1,0,0,0,1,0,1,0,0,0,1,1,0,0,1,0,0,0,0,0,0,0,0
1.0,0.0,28.0,0,0,7.508333333333333,1,0,0,0,1,0,1,0,0,0,1,0,0,1,1,0,0,0,0,0,0,0,0
1.0,1.0,26.0,0,0,7.061975,1,0,0,0,1,0,1,0,0,0,1,0,0,1,1,0,0,0,0,0,0,0,0
1.0,1.0,29.0,0,0,7.75,1,0,0,0,1,0,1,0,0,0,1,0,0,1,1,0,0,0,0,0,0,0,0
1.0,0.0,29.881137667304014,0,0,8.05,1,0,0,0,1,0,1,0,0,0,1,0,0,1,1,0,0,0,0,0,0,0,0
1.0,1.0,36.0,0,0,26.2875,1,0,0,0,1,0,1,0,0,0,1,1,0,0,0,0,0,0,0,0,0,0,1
1.0,1.0,54.0,1,0,29.7,1,0,1,0,0,0,1,0,0,1,0,1,0,0,1,0,0,0,0,0,0,0,0
1.0,0.0,24.0,0,0,7.4958,1,0,0,0,1,0,1,0,0,0,1,0,0,1,1,0,0,0,0,0,0,0,0
1.0,0.0,47.0,0,0,34.0208,1,0,0,0,1,0,1,0,0,0,1,1,0,0,0,0,0,1,0,0,0,0,0
1.0,1.0,34.0,0,0,10.5,1,0,1,0,0,0,1,0,0,1,0,0,1,0,0,0,0,0,0,0,1,0,0
1.0,0.0,29.881137667304014,0,0,8.049999999999999,1,0,0,0,1,0,1,0,0,0,1,0,0,1,1,0,0,0,0,0,0,0,0
1.0,1.0,36.0,1,0,13.0,1,0,1,0,0,0,1,0,0,1,0,0,1,0,1,0,0,0,0,0,0,0,0
1.0,0.0,32.0,0,0,7.8958,1,0,0,0,1,0,1,0,0,0,1,0,0,1,1,0,0,0,0,0,0,0,0
1.0,1.0,30.0,0,0,23.375,1,0,0,1,0,0,1,0,0,1,0,1,0,0,0,0,0,0,1,0,0,0,0
1.0,0.0,22.0,0,0,7.8958,1,0,0,0,1,0,1,0,0,0,1,0,0,1,1,0,0,0,0,0,0,0,0
1.0,0.0,29.881137667304014,0,0,7.225,1,0,0,0,1,0,1,0,0,0,1,0,0,1,1,0,0,0,0,0,0,0,0
1.0,1.0,44.0,0,1,28.9896,1,0,1,0,0,0,1,0,0,1,0,1,0,0,0,0,0,0,1,0,0,0,0
1.0,0.0,29.881137667304014,0,0,7.2292,1,0,0,0,1,0,1,0,0,0,1,0,0,1,1,0,0,0,0,0,0,0,0
1.0,0.0,40.5,0,0,7.75,1,0,0,0,1,0,1,0,0,0,1,0,0,1,1,0,0,0,0,0,0,0,0
1.0,1.0,50.0,0,0,10.5,1,0,0,1,0,0,1,0,0,1,0,0,1,0,1,0,0,0,0,0,0,0,0
1.0,0.0,29.881137667304014,0,0,55.4448,1,0,0,0,1,0,1,0,0,0,1,1,0,0,0,1,0,0,0,0,0,0,0
1.0,0.0,39.0,0,0,7.925,1,0,0,0,1,0,1,0,0,0,1,0,0,1,1,0,0,0,0,0,0,0,0
1.0,0.0,23.0,2,1,11.5,1,0,0,0,1,0,1,0,0,0,1,0,1,0,1,0,0,0,0,0,0,0,0
1.0,1.0,2.0,1,1,8.666666666666666,0,1,0,1,0,0,1,0,0,1,0,0,1,0,1,0,0,0,0,0,0,0,0
1.0,0.0,29.881137667304014,0,0,7.2292,1,0,0,0,1,0,1,0,0,0,1,0,0,1,1,0,0,0,0,0,0,0,0
1.0,0.0,17.0,1,1,7.2292,1,0,0,0,1,0,1,0,0,0,1,0,0,1,1,0,0,0,0,0,0,0,0
1.0,1.0,29.881137667304014,0,2,7.452766666666666,1,0,1,0,0,0,1,0,0,1,0,0,0,1,1,0,0,0,0,0,0,0,0
1.0,0.0,30.0,0,0,8.6625,1,0,0,1,0,0,1,0,0,1,0,0,0,1,1,0,0,0,0,0,0,0,0
1.0,1.0,7.0,0,2,8.75,0,1,0,1,0,0,1,0,0,1,0,0,1,0,1,0,0,0,0,0,0,0,0
1.0,0.0,45.0,0,0,26.55,1,0,0,0,1,0,0,0,1,0,1,1,0,0,0,0,0,0,1,0,0,0,0
1.0,1.0,30.0,0,0,35.475,1,0,0,1,0,0,1,0,0,1,0,1,0,0,1,0,0,0,0,0,0,0,0
1.0,0.0,29.881137667304014,0,0,7.25,1,0,1,0,0,0,1,0,0,0,1,0,0,1,1,0,0,0,0,0,0,0,0
1.0,1.0,22.0,0,2,49.5,1,0,0,1,0,0,1,0,0,1,0,1,0,0,0,0,0,0,1,0,0,0,0
1.0,1.0,36.0,0,2,35.5,1,0,0,1,0,0,1,0,0,1,0,1,0,0,0,0,0,0,1,0,0,0,0
1.0,0.0,9.0,4,2,4.4678571428571425,0,1,0,1,0,0,1,0,0,1,0,0,0,1,1,0,0,0,0,0,0,0,0
1.0,0.0,11.0,4,2,4.4678571428571425,0,1,0,1,0,0,1,0,0,1,0,0,0,1,1,0,0,0,0,0,0,0,0
1.0,1.0,32.0,1,0,13.0,1,0,1,0,0,0,1,0,0,0,1,0,1,0,1,0,0,0,0,0,0,0,0
1.0,0.0,50.0,1,0,35.475,1,0,1,0,0,0,1,0,0,0,1,1,0,0,0,1,0,0,0,0,0,0,0
1.0,0.0,64.0,0,0,26.0,1,0,0,0,1,0,1,0,0,0,1,1,0,0,1,0,0,0,0,0,0,0,0
1.0,1.0,19.0,1,0,13.0,1,0,1,0,0,0,1,0,0,1,0,0,1,0,1,0,0,0,0,0,0,0,0
1.0,1.0,29.881137667304014,0,0,13.8625,1,0,0,0,1,0,1,0,0,0,1,0,1,0,1,0,0,0,0,0,0,0,0
1.0,0.0,33.0,1,1,6.841666666666666,1,0,1,0,0,0,1,0,0,0,1,0,0,1,1,0,0,0,0,0,0,0,0
1.0,1.0,8.0,1,1,9.1875,0,1,0,1,0,0,1,0,0,0,1,0,1,0,1,0,0,0,0,0,0,0,0
1.0,1.0,17.0,0,2,27.720825,1,0,1,0,0,0,1,0,0,0,1,1,0,0,0,1,0,0,0,0,0,0,0
1.0,0.0,27.0,0,0,13.0,1,0,0,0,1,0,1,0,0,0,1,0,1,0,1,0,0,0,0,0,0,0,0
1.0,0.0,29.881137667304014,0,0,7.8292,1,0,0,0,1,0,1,0,0,0,1,0,0,1,1,0,0,0,0,0,0,0,0
1.0,1.0,22.0,0,0,7.225,1,0,0,0,1,0,1,0,0,0,1,0,0,1,1,0,0,0,0,0,0,0,0
1.0,1.0,22.0,0,0,7.775,1,0,0,1,0,0,1,0,0,1,0,0,0,1,1,0,0,0,0,0,0,0,0
1.0,0.0,62.0,0,0,26.55,1,0,0,0,1,0,1,0,0,0,1,1,0,0,1,0,0,0,0,0,0,0,0
1.0,1.0,48.0,1,0,39.6,1,0,0,0,1,1,0,0,0,1,0,1,0,0,0,0,0,0,0,1,0,0,0
1.0,0.0,29.881137667304014,0,0,45.505,1,0,0,0,1,0,1,0,0,0,1,1,0,0,1,0,0,0,0,0,0,0,0
1.0,1.0,39.0,1,1,26.55,1,0,1,0,0,0,1,0,0,1,0,1,0,0,0,0,0,0,0,0,0,0,1
1.0,1.0,36.0,1,0,8.7,1,0,1,0,0,0,1,0,0,1,0,0,0,1,1,0,0,0,0,0,0,0,0
1.0,0.0,29.881137667304014,0,0,7.75,1,0,0,0,1,0,1,0,0,0,1,0,0,1,1,0,0,0,0,0,0,0,0
1.0,0.0,40.0,0,0,7.8958,1,0,0,0,1,0,1,0,0,0,1,0,0,1,1,0,0,0,0,0,0,0,0
1.0,0.0,28.0,0,0,13.5,1,0,0,0,1,0,1,0,0,0,1,0,1,0,1,0,0,0,0,0,0,0,0
1.0,0.0,29.881137667304014,0,0,8.05,1,0,0,0,1,0,1,0,0,0,1,0,0,1,1,0,0,0,0,0,0,0,0
1.0,0.0,29.881137667304014,0,0,8.05,1,0,0,1,0,0,1,0,0,1,0,0,0,1,1,0,0,0,0,0,0,0,0
1.0,0.0,24.0,2,0,8.049999999999999,1,0,0,0,1,0,1,0,0,0,1,0,0,1,1,0,0,0,0,0,0,0,0
1.0,0.0,19.0,0,0,7.8958,1,0,0,0,1,0,1,0,0,0,1,0,0,1,1,0,0,0,0,0,0,0,0
1.0,0.0,29.0,0,4,4.215,1,0,1,0,0,0,1,0,0,1,0,0,0,1,1,0,0,0,0,0,0,0,0
1.0,0.0,29.881137667304014,0,0,7.2292,1,0,0,0,1,0,1,0,0,0,1,0,0,1,1,0,0,0,0,0,0,0,0
1.0,1.0,32.0,0,0,7.8542,1,0,0,0,1,0,1,0,0,0,1,0,0,1,1,0,0,0,0,0,0,0,0
1.0,1.0,62.0,0,0,10.5,1,0,0,0,1,0,1,0,0,0,1,0,1,0,1,0,0,0,0,0,0,0,0
1.0,1.0,53.0,2,0,25.7396,1,0,1,0,0,0,1,0,0,1,0,1,0,0,0,1,0,0,0,0,0,0,0
1.0,1.0,36.0,0,0,26.3875,1,0,0,0,1,0,1,0,0,0,1,1,0,0,0,0,0,0,0,0,0,0,1
1.0,1.0,29.881137667304014,0,0,7.75,1,0,0,1,0,0,1,0,0,1,0,0,0,1,1,0,0,0,0,0,0,0,0
1.0,0.0,16.0,0,0,8.05,1,0,0,0,1,0,1,0,0,0,1,0,0,1,1,0,0,0,0,0,0,0,0
1.0,0.0,19.0,0,0,7.25,1,0,0,0,1,0,1,0,0,0,1,0,0,1,1,0,0,0,0,0,0,0,0
1.0,1.0,34.0,0,0,13.0,1,0,0,1,0,0,1,0,0,1,0,0,1,0,1,0,0,0,0,0,0,0,0
1.0,1.0,39.0,1,0,27.95,1,0,1,0,0,0,1,0,0,1,0,1,0,0,0,0,0,0,0,0,0,0,1
1.0,0.0,29.881137667304014,1,0,7.22915,1,0,1,0,0,0,1,0,0,1,0,0,0,1,1,0,0,0,0,0,0,0,0
1.0,1.0,32.0,0,0,7.925,1,0,0,0,1,0,1,0,0,0,1,0,0,1,1,0,0,0,0,0,0,0,0
1.0,1.0,25.0,1,1,15.0,1,0,0,1,0,0,1,0,0,1,0,0,1,0,1,0,0,0,0,0,0,0,0
1.0,1.0,39.0,1,1,27.720825,1,0,1,0,0,0,1,0,0,1,0,1,0,0,0,1,0,0,0,0,0,0,0
1.0,0.0,54.0,0,0,13.0,1,0,0,0,1,0,1,0,0,0,1,0,1,0,1,0,0,0,0,0,0,0,0
1.0,0.0,36.0,0,0,40.125,1,0,0,0,1,0,1,0,0,0,1,1,0,0,0,0,0,0,0,1,0,0,0
1.0,0.0,29.881137667304014,0,0,8.7125,1,0,0,0,1,0,1,0,0,0,1,0,0,1,1,0,0,0,0,0,0,0,0
1.0,1.0,18.0,0,2,26.55,1,0,0,1,0,0,1,0,0,1,0,1,0,0,0,0,0,0,0,0,0,0,1
1.0,0.0,47.0,0,0,15.0,1,0,0,0,1,0,1,0,0,0,1,0,1,0,1,0,0,0,0,0,0,0,0
1.0,1.0,60.0,1,1,39.6,1,0,1,0,0,0,1,0,0,0,1,1,0,0,0,0,0,0,1,0,0,0,0
1.0,0.0,22.0,0,0,8.05,1,0,0,0,1,0,1,0,0,0,1,0,0,1,1,0,0,0,0,0,0,0,0
1.0,0.0,29.881137667304014,0,0,8.05,1,0,0,0,1,0,1,0,0,0,1,0,0,1,1,0,0,0,0,0,0,0,0
1.0,0.0,35.0,0,0,7.125,1,0,0,0,1,0,1,0,0,0,1,0,0,1,1,0,0,0,0,0,0,0,0
1.0,1.0,52.0,1,0,39.13335,1,0,1,0,0,0,1,0,0,1,0,1,0,0,0,0,0,1,0,0,0,0,0
1.0,0.0,47.0,0,0,7.25,1,0,0,0,1,0,1,0,0,0,1,0,0,1,1,0,0,0,0,0,0,0,0
1.0,0.0,29.881137667304014,0,2,7.75,1,0,0,1,0,0,1,0,0,1,0,0,0,1,1,0,0,0,0,0,0,0,0
1.0,0.0,37.0,1,0,13.0,1,0,1,0,0,0,1,0,0,0,1,0,1,0,1,0,0,0,0,0,0,0,0
1.0,0.0,36.0,1,1,8.049999999999999,1,0,1,0,0,0,1,0,0,0,1,0,0,1,1,0,0,0,0,0,0,0,0
1.0,1.0,29.881137667304014,0,0,11.0,1,0,0,1,0,0,1,0,0,1,0,0,1,0,1,0,0,0,0,0,0,0,0
1.0,0.0,49.0,0,0,0.0,1,0,0,0,1,0,1,0,0,0,1,0,0,1,1,0,0,0,0,0,0,0,0
1.0,0.0,29.881137667304014,0,0,7.225,1,0,0,0,1,0,1,0,0,0,1,0,0,1,1,0,0,0,0,0,0,0,0
1.0,1.0,49.0,1,0,28.4646,1,0,0,0,1,1,0,0,0,0,1,1,0,0,0,0,0,0,0,1,0,0,0
1.0,1.0,24.0,2,1,13.5,1,0,1,0,0,0,1,0,0,1,0,0,1,0,1,0,0,0,0,0,0,0,0
1.0,0.0,29.881137667304014,0,0,7.8958,1,0,0,0,1,0,1,0,0,0,1,0,0,1,1,0,0,0,0,0,0,0,0
1.0,0.0,29.881137667304014,0,0,21.2,1,0,0,0,1,0,1,0,0,0,1,1,0,0,1,0,0,0,0,0,0,0,0
1.0,0.0,44.0,0,0,8.05,1,0,0,0,1,0,1,0,0,0,1,0,0,1,1,0,0,0,0,0,0,0,0
1.0,1.0,35.0,0,0,26.55,1,0,0,0,1,0,1,0,0,0,1,1,0,0,1,0,0,0,0,0,0,0,0
1.0,0.0,36.0,1,0,7.775,1,0,1,0,0,0,1,0,0,0,1,0,0,1,1,0,0,0,0,0,0,0,0
1.0,0.0,30.0,0,0,7.8958,1,0,0,0,1,0,1,0,0,0,1,0,0,1,1,0,0,0,0,0,0,0,0
1.0,1.0,27.0,0,0,30.5,1,0,0,0,1,0,1,0,0,0,1,1,0,0,1,0,0,0,0,0,0,0,0
1.0,1.0,22.0,1,2,10.3948,1,0,1,0,0,0,1,0,0,1,0,0,1,0,1,0,0,0,0,0,0,0,0
1.0,1.0,40.0,0,0,51.15416666666667,1,0,0,1,0,0,1,0,0,1,0,1,0,0,0,1,0,0,0,0,0,0,0
1.0,0.0,39.0,1,5,4.4678571428571425,1,0,1,0,0,0,1,0,0,1,0,0,0,1,1,0,0,0,0,0,0,0,0
1.0,0.0,29.881137667304014,0,0,7.05,1,0,0,0,1,0,1,0,0,0,1,0,0,1,1,0,0,0,0,0,0,0,0
1.0,1.0,29.881137667304014,1,0,7.75,1,0,0,1,0,0,1,0,0,1,0,0,0,1,1,0,0,0,0,0,0,0,0
1.0,0.0,29.881137667304014,0,0,7.75,1,0,0,0,1,0,1,0,0,0,1,0,0,1,1,0,0,0,0,0,0,0,0
1.0,0.0,35.0,0,0,8.05,1,0,0,0,1,0,1,0,0,0,1,0,0,1,1,0,0,0,0,0,0,0,0
1.0,1.0,24.0,1,2,13.0,1,0,0,1,0,0,1,0,0,1,0,0,1,0,1,0,0,0,0,0,0,0,0
1.0,0.0,34.0,1,1,4.8,1,0,1,0,0,0,1,0,0,0,1,0,0,1,1,0,0,0,0,0,0,0,0
1.0,0.0,26.0,1,0,8.05,1,0,1,0,0,0,1,0,0,1,0,0,0,1,1,0,0,0,0,0,0,0,0
1.0,1.0,4.0,2,1,9.75,0,1,0,1,0,0,1,0,0,1,0,0,1,0,0,0,0,0,0,0,1,0,0
1.0,0.0,26.0,0,0,10.5,1,0,0,0,1,0,1,0,0,0,1,0,1,0,1,0,0,0,0,0,0,0,0
1.0,0.0,27.0,1,0,7.2271,1,0,1,0,0,0,1,0,0,0,1,0,0,1,1,0,0,0,0,0,0,0,0
1.0,1.0,42.0,1,0,26.2771,1,0,1,0,0,0,1,0,0,0,1,1,0,0,0,0,0,1,0,0,0,0,0
1.0,1.0,20.0,1,1,5.247233333333333,1,0,0,0,1,0,1,0,0,0,1,0,0,1,1,0,0,0,0,0,0,0,0
1.0,0.0,21.0,0,0,7.8542,1,0,0,0,1,0,1,0,0,0,1,0,0,1,1,0,0,0,0,0,0,0,0
1.0,0.0,21.0,0,0,8.05,1,0,0,0,1,0,1,0,0,0,1,0,0,1,1,0,0,0,0,0,0,0,0
1.0,0.0,61.0,0,0,32.3208,1,0,0,0,1,0,1,0,0,0,1,1,0,0,0,0,0,1,0,0,0,0,0
1.0,0.0,57.0,0,0,12.35,1,0,0,0,1,0,0,1,0,0,1,0,1,0,1,0,0,0,0,0,0,0,0
1.0,1.0,21.0,0,0,25.986099999999997,1,0,0,1,0,0,1,0,0,1,0,1,0,0,0,0,0,1,0,0,0,0,0
1.0,0.0,26.0,0,0,7.8958,1,0,0,0,1,0,1,0,0,0,1,0,0,1,1,0,0,0,0,0,0,0,0
1.0,0.0,29.881137667304014,0,0,7.7333,1,0,0,0,1,0,1,0,0,0,1,0,0,1,1,0,0,0,0,0,0,0,0
1.0,1.0,80.0,0,0,30.0,1,0,0,0,1,0,1,0,0,0,1,1,0,0,0,0,0,0,0,1,0,0,0
1.0,0.0,51.0,0,0,7.0542,1,0,0,0,1,0,1,0,0,0,1,0,0,1,1,0,0,0,0,0,0,0,0
1.0,1.0,32.0,0,0,30.5,1,0,0,0,1,0,1,0,0,0,1,1,0,0,0,0,0,0,1,0,0,0,0
1.0,0.0,29.881137667304014,0,0,0.0,1,0,0,0,1,0,1,0,0,0,1,1,0,0,1,0,0,0,0,0,0,0,0
1.0,0.0,9.0,3,2,4.6499999999999995,0,1,0,1,0,0,1,0,0,1,0,0,0,1,1,0,0,0,0,0,0,0,0
1.0,1.0,28.0,0,0,13.0,1,0,0,1,0,0,1,0,0,1,0,0,1,0,1,0,0,0,0,0,0,0,0
1.0,0.0,32.0,0,0,7.925,1,0,0,0,1,0,1,0,0,0,1,0,0,1,1,0,0,0,0,0,0,0,0
1.0,0.0,31.0,1,1,8.75,1,0,1,0,0,0,1,0,0,0,1,0,1,0,1,0,0,0,0,0,0,0,0
1.0,0.0,41.0,0,5,5.669642857142857,1,0,1,0,0,0,1,0,0,1,0,0,0,1,1,0,0,0,0,0,0,0,0
1.0,0.0,29.881137667304014,1,0,8.05,1,0,1,0,0,0,1,0,0,0,1,0,0,1,1,0,0,0,0,0,0,0,0
1.0,0.0,20.0,0,0,7.8542,1,0,0,0,1,0,1,0,0,0,1,0,0,1,1,0,0,0,0,0,0,0,0
1.0,1.0,24.0,0,0,34.65,1,0,0,1,0,0,1,0,0,1,0,1,0,0,0,0,0,0,1,0,0,0,0
1.0,0.0,2.0,3,2,4.6499999999999995,0,1,0,1,0,0,1,0,0,1,0,0,0,1,1,0,0,0,0,0,0,0,0
1.0,1.0,29.881137667304014,0,0,7.061975,1,0,0,0,1,0,1,0,0,0,1,0,0,1,1,0,0,0,0,0,0,0,0
1.0,1.0,0.75,2,1,4.814575,0,1,0,1,0,0,1,0,0,1,0,0,0,1,1,0,0,0,0,0,0,0,0
1.0,1.0,48.0,1,0,25.576400000000003,1,0,1,0,0,0,1,0,0,0,1,1,0,0,0,0,0,1,0,0,0,0,0
1.0,0.0,19.0,0,0,7.8958,1,0,0,0,1,0,1,0,0,0,1,0,0,1,1,0,0,0,0,0,0,0,0
1.0,1.0,56.0,0,0,35.5,1,0,0,0,1,0,0,0,1,0,1,1,0,0,0,0,0,0,0,1,0,0,0
1.0,0.0,29.881137667304014,0,0,7.55,1,0,0,0,1,0,1,0,0,0,1,0,0,1,1,0,0,0,0,0,0,0,0
1.0,1.0,23.0,0,0,7.55,1,0,0,1,0,0,1,0,0,1,0,0,0,1,1,0,0,0,0,0,0,0,0
1.0,0.0,29.881137667304014,0,0,7.8958,1,0,0,0,1,0,1,0,0,0,1,0,0,1,1,0,0,0,0,0,0,0,0
1.0,1.0,18.0,0,1,11.5,1,0,0,1,0,0,1,0,0,1,0,0,1,0,1,0,0,0,0,0,0,0,0
1.0,0.0,21.0,0,0,8.4333,1,0,0,0,1,0,1,0,0,0,1,0,0,1,1,0,0,0,0,0,0,0,0
1.0,1.0,29.881137667304014,0,0,7.8292,1,0,0,1,0,0,1,0,0,1,0,0,0,1,1,0,0,0,0,0,0,0,0
1.0,0.0,18.0,0,0,6.75,1,0,0,1,0,0,1,0,0,1,0,0,0,1,1,0,0,0,0,0,0,0,0
1.0,0.0,24.0,2,0,10.5,1,0,0,0,1,0,1,0,0,0,1,0,1,0,1,0,0,0,0,0,0,0,0
1.0,0.0,29.881137667304014,0,0,7.8958,1,0,0,0,1,0,1,0,0,0,1,0,0,1,1,0,0,0,0,0,0,0,0
1.0,0.0,32.0,1,1,7.75,1,0,1,0,0,0,1,0,0,1,0,0,0,1,1,0,0,0,0,0,0,0,0
1.0,0.0,23.0,0,0,13.0,1,0,0,0,1,0,1,0,0,0,1,0,1,0,1,0,0,0,0,0,0,0,0
1.0,0.0,58.0,0,2,37.75833333333333,1,0,0,0,1,0,1,0,0,0,1,1,0,0,0,0,0,1,0,0,0,0,0
1.0,1.0,50.0,2,0,66.825,1,0,0,0,1,0,1,0,0,0,1,1,0,0,1,0,0,0,0,0,0,0,0
1.0,0.0,40.0,0,0,7.225,1,0,0,0,1,0,1,0,0,0,1,0,0,1,1,0,0,0,0,0,0,0,0
1.0,0.0,47.0,0,0,25.5875,1,0,0,0,1,0,1,0,0,0,1,1,0,0,0,0,0,0,0,0,0,0,1
1.0,0.0,36.0,0,0,7.4958,1,0,0,0,1,0,1,0,0,0,1,0,0,1,1,0,0,0,0,0,0,0,0
1.0,1.0,20.0,1,0,7.925,1,0,0,0,1,0,1,0,0,0,1,0,0,1,1,0,0,0,0,0,0,0,0
1.0,0.0,32.0,2,0,10.5,1,0,0,0,1,0,1,0,0,0,1,0,1,0,1,0,0,0,0,0,0,0,0
1.0,0.0,25.0,0,0,13.0,1,0,0,0,1,0,1,0,0,0,1,0,1,0,1,0,0,0,0,0,0,0,0
1.0,0.0,29.881137667304014,0,0,7.775,1,0,0,0,1,0,1,0,0,0,1,0,0,1,1,0,0,0,0,0,0,0,0
1.0,0.0,43.0,0,0,8.05,1,0,0,0,1,0,1,0,0,0,1,0,0,1,1,0,0,0,0,0,0,0,0
1.0,1.0,29.881137667304014,1,0,26.0,1,0,1,0,0,0,1,0,0,1,0,1,0,0,0,1,0,0,0,0,0,0,0
1.0,1.0,40.0,1,1,13.0,1,0,1,0,0,0,1,0,0,1,0,0,1,0,1,0,0,0,0,0,0,0,0
1.0,0.0,31.0,1,0,26.0,1,0,1,0,0,0,1,0,0,0,1,1,0,0,0,0,0,0,1,0,0,0,0
1.0,0.0,70.0,0,0,10.5,1,0,0,0,1,0,1,0,0,0,1,0,1,0,1,0,0,0,0,0,0,0,0
1.0,1.0,31.0,0,0,13.0,1,0,0,0,1,0,1,0,0,0,1,0,1,0,1,0,0,0,0,0,0,0,0
1.0,0.0,29.881137667304014,0,0,0.0,1,0,0,0,1,0,1,0,0,0,1,0,1,0,1,0,0,0,0,0,0,0,0
1.0,0.0,18.0,0,0,7.775,1,0,0,0,1,0,1,0,0,0,1,0,0,1,1,0,0,0,0,0,0,0,0
1.0,0.0,24.5,0,0,8.05,1,0,0,0,1,0,1,0,0,0,1,0,0,1,1,0,0,0,0,0,0,0,0
1.0,1.0,18.0,0,0,9.8417,1,0,0,1,0,0,1,0,0,1,0,0,0,1,1,0,0,0,0,0,0,0,0
1.0,0.0,43.0,1,6,5.8625,1,0,1,0,0,0,1,0,0,1,0,0,0,1,1,0,0,0,0,0,0,0,0
1.0,1.0,36.0,0,1,128.0823,1,0,0,0,1,0,1,0,0,0,1,1,0,0,0,0,0,0,1,0,0,0,0
1.0,0.0,29.881137667304014,0,0,8.1375,1,0,0,1,0,0,1,0,0,1,0,0,0,1,1,0,0,0,0,0,0,0,0
1.0,1.0,27.0,0,0,25.576400000000003,1,0,0,0,1,0,1,0,0,0,1,1,0,0,0,0,0,1,0,0,0,0,0
1.0,0.0,20.0,0,0,9.225,1,0,0,0,1,0,1,0,0,0,1,0,0,1,1,0,0,0,0,0,0,0,0
1.0,0.0,14.0,5,2,5.8625,0,1,0,0,1,0,1,0,0,0,1,0,0,1,1,0,0,0,0,0,0,0,0
1.0,0.0,60.0,1,1,13.0,1,0,1,0,0,0,1,0,0,0,1,0,1,0,1,0,0,0,0,0,0,0,0
1.0,0.0,25.0,1,2,10.3948,1,0,1,0,0,0,1,0,0,0,1,0,1,0,1,0,0,0,0,0,0,0,0
1.0,0.0,14.0,4,1,5.669642857142857,0,1,0,0,1,0,1,0,0,0,1,0,0,1,1,0,0,0,0,0,0,0,0
1.0,0.0,19.0,0,0,10.1708,1,0,0,0,1,0,1,0,0,0,1,0,0,1,1,0,0,0,0,0,0,0,0
1.0,0.0,18.0,0,0,7.7958,1,0,0,0,1,0,1,0,0,0,1,0,0,1,1,0,0,0,0,0,0,0,0
1.0,1.0,15.0,0,1,52.834375,0,1,0,1,0,0,1,0,0,1,0,1,0,0,0,0,0,0,1,0,0,0,0
1.0,1.0,31.0,1,0,28.5,1,0,1,0,0,0,1,0,0,0,1,1,0,0,0,0,0,0,1,0,0,0,0
1.0,1.0,4.0,0,1,6.70835,0,1,0,1,0,0,1,0,0,1,0,0,0,1,1,0,0,0,0,0,0,0,0
1.0,1.0,29.881137667304014,0,0,7.061975,1,0,0,0,1,0,1,0,0,0,1,0,0,1,1,0,0,0,0,0,0,0,0
1.0,0.0,25.0,0,0,7.225,1,0,0,0,1,0,1,0,0,0,1,0,0,1,1,0,0,0,0,0,0,0,0
1.0,0.0,60.0,0,0,26.55,1,0,0,0,1,0,0,0,1,0,1,1,0,0,1,0,0,0,0,0,0,0,0
1.0,0.0,52.0,0,0,13.5,1,0,0,0,1,0,1,0,0,0,1,0,1,0,1,0,0,0,0,0,0,0,0
1.0,0.0,44.0,0,0,8.05,1,0,0,0,1,0,1,0,0,0,1,0,0,1,1,0,0,0,0,0,0,0,0
1.0,1.0,29.881137667304014,0,0,7.7333,1,0,0,1,0,0,1,0,0,1,0,0,0,1,1,0,0,0,0,0,0,0,0
1.0,0.0,49.0,1,1,27.720825,1,0,1,0,0,0,1,0,0,0,1,1,0,0,0,1,0,0,0,0,0,0,0
1.0,0.0,42.0,0,0,7.65,1,0,0,0,1,0,1,0,0,0,1,0,0,1,0,0,0,0,0,0,1,0,0
1.0,1.0,18.0,1,0,45.505,1,0,1,0,0,0,1,0,0,1,0,1,0,0,0,1,0,0,0,0,0,0,0
1.0,1.0,35.0,0,0,26.2875,1,0,0,0,1,0,1,0,0,0,1,1,0,0,0,0,0,0,0,0,0,0,1
1.0,0.0,18.0,0,1,7.2271,1,0,0,1,0,0,1,0,0,1,0,0,0,1,1,0,0,0,0,0,0,0,0
1.0,0.0,25.0,0,0,7.7417,1,0,0,0,1,0,1,0,0,0,1,0,0,1,1,0,0,0,0,0,0,0,0
1.0,0.0,26.0,1,0,7.8542,1,0,0,0,1,0,1,0,0,0,1,0,0,1,1,0,0,0,0,0,0,0,0
1.0,0.0,39.0,0,0,13.0,1,0,0,0,1,0,1,0,0,0,1,0,1,0,1,0,0,0,0,0,0,0,0
1.0,1.0,45.0,0,0,13.5,1,0,1,0,0,0,1,0,0,1,0,0,1,0,1,0,0,0,0,0,0,0,0
1.0,1.0,42.0,0,0,26.2875,1,0,0,0,1,0,1,0,0,0,1,1,0,0,0,0,0,0,0,0,0,0,1
1.0,1.0,22.0,0,0,25.258333333333336,1,0,0,1,0,0,1,0,0,1,0,1,0,0,1,0,0,0,0,0,0,0,0
1.0,1.0,29.881137667304014,1,1,5.081933333333333,0,1,0,1,0,0,1,0,0,0,1,0,0,1,1,0,0,0,0,0,0,0,0
1.0,1.0,24.0,0,0,49.5042,1,0,0,1,0,0,1,0,0,1,0,1,0,0,0,1,0,0,0,0,0,0,0
1.0,0.0,29.881137667304014,0,0,26.55,1,0,0,0,1,0,1,0,0,0,1,1,0,0,0,1,0,0,0,0,0,0,0
1.0,1.0,48.0,1,0,26.0,1,0,1,0,0,0,1,0,0,0,1,1,0,0,0,1,0,0,0,0,0,0,0
1.0,0.0,29.0,0,0,9.4833,1,0,0,0,1,0,1,0,0,0,1,0,0,1,1,0,0,0,0,0,0,0,0
1.0,0.0,52.0,0,0,6.5,1,0,0,0,1,0,1,0,0,0,1,0,1,0,1,0,0,0,0,0,0,0,0
1.0,0.0,19.0,0,0,7.65,1,0,0,0,1,0,1,0,0,0,1,0,0,1,0,0,0,0,0,0,1,0,0
1.0,1.0,38.0,0,0,45.505,1,0,0,1,0,0,1,0,0,1,0,1,0,0,0,1,0,0,0,0,0,0,0
1.0,1.0,27.0,0,0,10.5,1,0,0,1,0,0,1,0,0,1,0,0,1,0,0,0,0,0,0,0,0,0,1
1.0,0.0,29.881137667304014,0,0,7.75,1,0,0,0,1,0,1,0,0,0,1,0,0,1,1,0,0,0,0,0,0,0,0
1.0,0.0,33.0,0,0,7.775,1,0,0,0,1,0,1,0,0,0,1,0,0,1,1,0,0,0,0,0,0,0,0
1.0,1.0,6.0,0,1,11.0,0,1,0,1,0,0,1,0,0,1,0,0,1,0,1,0,0,0,0,0,0,0,0
1.0,0.0,17.0,1,0,7.0542,1,0,0,0,1,0,1,0,0,0,1,0,0,1,1,0,0,0,0,0,0,0,0
1.0,0.0,34.0,0,0,13.0,1,0,0,0,1,0,1,0,0,0,1,0,1,0,1,0,0,0,0,0,0,0,0
1.0,0.0,50.0,0,0,13.0,1,0,0,0,1,0,1,0,0,0,1,0,1,0,1,0,0,0,0,0,0,0,0
1.0,1.0,27.0,1,0,26.55,1,0,1,0,0,0,1,0,0,0,1,1,0,0,0,0,0,0,0,0,0,0,1
1.0,0.0,20.0,0,0,8.6625,1,0,0,0,1,0,1,0,0,0,1,0,0,1,1,0,0,0,0,0,0,0,0
1.0,1.0,30.0,3,0,10.5,1,0,1,0,0,0,1,0,0,1,0,0,1,0,1,0,0,0,0,0,0,0,0
1.0,1.0,29.881137667304014,0,0,7.7375,1,0,0,1,0,0,1,0,0,1,0,0,0,1,1,0,0,0,0,0,0,0,0
1.0,0.0,25.0,1,0,13.0,1,0,0,0,1,0,1,0,0,0,1,0,1,0,1,0,0,0,0,0,0,0,0
1.0,0.0,25.0,1,0,7.925,1,0,0,1,0,0,1,0,0,1,0,0,0,1,1,0,0,0,0,0,0,0,0
1.0,1.0,29.0,0,0,52.834375,1,0,0,1,0,0,1,0,0,1,0,1,0,0,0,0,0,0,1,0,0,0,0
1.0,0.0,11.0,0,0,9.39375,0,1,0,0,1,0,1,0,0,0,1,0,0,1,1,0,0,0,0,0,0,0,0
1.0,0.0,29.881137667304014,0,0,0.0,1,0,0,0,1,0,1,0,0,0,1,0,1,0,1,0,0,0,0,0,0,0,0
1.0,0.0,23.0,0,0,13.0,1,0,0,0,1,0,1,0,0,0,1,0,1,0,1,0,0,0,0,0,0,0,0
1.0,0.0,23.0,0,0,13.0,1,0,0,0,1,0,1,0,0,0,1,0,1,0,1,0,0,0,0,0,0,0,0
1.0,0.0,28.5,0,0,8.05,1,0,0,0,1,0,1,0,0,0,1,0,0,1,1,0,0,0,0,0,0,0,0
1.0,0.0,48.0,1,3,6.875,1,0,1,0,0,0,1,0,0,1,0,0,0,1,1,0,0,0,0,0,0,0,0
1.0,1.0,35.0,0,0,128.0823,1,0,0,0,1,0,1,0,0,0,1,1,0,0,0,0,0,0,1,0,0,0,0
1.0,0.0,29.881137667304014,0,0,7.8958,1,0,0,0,1,0,1,0,0,0,1,0,0,1,1,0,0,0,0,0,0,0,0
1.0,0.0,29.881137667304014,0,0,7.8958,1,0,0,0,1,0,1,0,0,0,1,0,0,1,1,0,0,0,0,0,0,0,0
1.0,1.0,29.881137667304014,0,0,30.0,1,0,0,0,1,0,1,0,0,0,1,1,0,0,0,0,0,1,0,0,0,0,0
1.0,0.0,36.0,1,0,26.28333333333333,1,0,1,0,0,0,1,0,0,0,1,1,0,0,0,1,0,0,0,0,0,0,0
1.0,1.0,21.0,2,2,37.482142857142854,1,0,0,1,0,0,1,0,0,1,0,1,0,0,0,0,0,0,1,0,0,0,0
1.0,0.0,24.0,1,0,8.05,1,0,1,0,0,0,1,0,0,0,1,0,0,1,1,0,0,0,0,0,0,0,0
1.0,1.0,31.0,0,0,7.925,1,0,0,0,1,0,1,0,0,0,1,0,0,1,1,0,0,0,0,0,0,0,0
1.0,0.0,70.0,1,1,35.5,1,0,0,0,1,0,0,0,1,0,1,1,0,0,0,0,0,0,1,0,0,0,0
1.0,0.0,16.0,1,1,6.75,1,0,0,0,1,0,1,0,0,0,1,0,0,1,1,0,0,0,0,0,0,0,0
1.0,1.0,30.0,0,0,13.0,1,0,0,1,0,0,1,0,0,1,0,0,1,0,1,0,0,0,0,0,0,0,0
1.0,0.0,19.0,1,0,26.55,1,0,1,0,0,0,1,0,0,0,1,1,0,0,0,0,0,1,0,0,0,0,0
1.0,0.0,31.0,0,0,7.75,1,0,0,0,1,0,1,0,0,0,1,0,0,1,1,0,0,0,0,0,0,0,0
1.0,1.0,4.0,1,1,7.666666666666667,0,1,0,1,0,0,1,0,0,1,0,0,1,0,1,0,0,0,0,0,0,0,0
1.0,1.0,6.0,0,1,6.2375,0,1,0,1,0,0,1,0,0,0,1,0,0,1,0,0,0,0,0,0,0,0,1
1.0,0.0,33.0,0,0,9.5,1,0,0,0,1,0,1,0,0,0,1,0,0,1,1,0,0,0,0,0,0,0,0
1.0,0.0,23.0,0,0,7.8958,1,0,0,0,1,0,1,0,0,0,1,0,0,1,1,0,0,0,0,0,0,0,0
1.0,1.0,48.0,1,2,13.0,1,0,1,0,0,0,1,0,0,1,0,0,1,0,1,0,0,0,0,0,0,0,0
1.0,1.0,0.67,1,1,7.25,0,1,0,1,0,0,1,0,0,0,1,0,1,0,1,0,0,0,0,0,0,0,0
1.0,0.0,28.0,0,0,7.7958,1,0,0,0,1,0,1,0,0,0,1,0,0,1,1,0,0,0,0,0,0,0,0
1.0,0.0,18.0,0,0,11.5,1,0,0,0,1,0,1,0,0,0,1,0,1,0,1,0,0,0,0,0,0,0,0
1.0,0.0,34.0,0,0,8.05,1,0,0,0,1,0,1,0,0,0,1,0,0,1,1,0,0,0,0,0,0,0,0
1.0,1.0,33.0,0,0,28.833333333333332,1,0,0,0,1,1,0,0,0,1,0,1,0,0,0,0,0,0,1,0,0,0,0
1.0,0.0,29.881137667304014,0,0,7.25,1,0,0,0,1,0,1,0,0,0,1,0,0,1,1,0,0,0,0,0,0,0,0
1.0,0.0,41.0,0,0,7.125,1,0,0,0,1,0,1,0,0,0,1,0,0,1,1,0,0,0,0,0,0,0,0
1.0,1.0,20.0,0,0,7.2292,1,0,0,0,1,0,1,0,0,0,1,0,0,1,1,0,0,0,0,0,0,0,0
1.0,1.0,36.0,1,2,30.0,1,0,1,0,0,0,1,0,0,1,0,1,0,0,0,0,0,0,1,0,0,0,0
1.0,0.0,16.0,0,0,7.775,1,0,0,0,1,0,1,0,0,0,1,0,0,1,1,0,0,0,0,0,0,0,0
1.0,1.0,51.0,1,0,25.986099999999997,1,0,1,0,0,0,1,0,0,1,0,1,0,0,0,0,0,1,0,0,0,0,0
1.0,0.0,29.881137667304014,0,0,39.6,1,0,0,0,1,0,1,0,0,0,1,1,0,0,1,0,0,0,0,0,0,0,0
1.0,0.0,30.5,0,0,7.75,1,0,0,1,0,0,1,0,0,1,0,0,0,1,1,0,0,0,0,0,0,0,0
1.0,0.0,29.881137667304014,1,0,8.049999999999999,1,0,0,0,1,0,1,0,0,0,1,0,0,1,1,0,0,0,0,0,0,0,0
1.0,0.0,32.0,0,0,8.3625,1,0,0,0,1,0,1,0,0,0,1,0,0,1,1,0,0,0,0,0,0,0,0
1.0,0.0,24.0,0,0,9.5,1,0,0,0,1,0,1,0,0,0,1,0,0,1,1,0,0,0,0,0,0,0,0
1.0,0.0,48.0,0,0,7.8542,1,0,0,0,1,0,1,0,0,0,1,0,0,1,1,0,0,0,0,0,0,0,0
1.0,0.0,57.0,0,0,5.25,1,0,1,0,0,0,1,0,0,1,0,0,1,0,0,0,0,0,0,0,0,0,1
1.0,0.0,29.881137667304014,0,0,7.225,1,0,0,0,1,0,1,0,0,0,1,0,0,1,1,0,0,0,0,0,0,0,0
1.0,1.0,54.0,1,3,11.5,1,0,1,0,0,0,1,0,0,1,0,0,1,0,1,0,0,0,0,0,0,0,0
1.0,0.0,18.0,0,0,7.75,1,0,0,0,1,0,1,0,0,0,1,0,0,1,1,0,0,0,0,0,0,0,0
1.0,0.0,29.881137667304014,0,0,7.75,1,0,0,0,1,0,1,0,0,0,1,0,0,1,0,0,0,0,0,0,1,0,0
1.0,1.0,5.0,0,0,6.2375,0,1,0,1,0,0,1,0,0,1,0,0,0,1,1,0,0,0,0,0,0,0,0
1.0,0.0,29.881137667304014,0,0,7.7375,1,0,0,0,1,0,1,0,0,0,1,0,0,1,1,0,0,0,0,0,0,0,0
1.0,1.0,43.0,0,1,52.834375,1,0,1,0,0,0,1,0,0,1,0,1,0,0,0,0,0,0,1,0,0,0,0
1.0,1.0,13.0,0,0,7.2292,0,1,0,1,0,0,1,0,0,1,0,0,0,1,1,0,0,0,0,0,0,0,0
1.0,1.0,17.0,1,0,28.5,1,0,1,0,0,0,1,0,0,1,0,1,0,0,0,0,0,0,1,0,0,0,0
1.0,0.0,29.0,0,0,30.0,1,0,0,0,1,0,1,0,0,0,1,1,0,0,0,0,0,1,0,0,0,0,0
1.0,0.0,29.881137667304014,1,2,5.8625,1,0,1,0,0,0,1,0,0,0,1,0,0,1,1,0,0,0,0,0,0,0,0
1.0,0.0,25.0,0,0,7.05,1,0,0,0,1,0,1,0,0,0,1,0,0,1,1,0,0,0,0,0,0,0,0
1.0,0.0,25.0,0,0,7.25,1,0,0,0,1,0,1,0,0,0,1,0,0,1,1,0,0,0,0,0,0,0,0
1.0,1.0,18.0,0,0,7.4958,1,0,0,1,0,0,1,0,0,1,0,0,0,1,1,0,0,0,0,0,0,0,0
1.0,0.0,8.0,4,1,4.854166666666667,0,1,0,1,0,0,1,0,0,0,1,0,0,1,1,0,0,0,0,0,0,0,0
1.0,1.0,1.0,1,2,5.14375,0,1,0,1,0,0,1,0,0,0,1,0,0,1,1,0,0,0,0,0,0,0,0
1.0,0.0,46.0,0,0,39.6,1,0,0,0,1,0,1,0,0,0,1,1,0,0,0,0,0,0,1,0,0,0,0
1.0,0.0,29.881137667304014,0,0,7.75,1,0,0,0,1,0,1,0,0,0,1,0,0,1,1,0,0,0,0,0,0,0,0
1.0,0.0,16.0,0,0,13.0,1,0,0,0,1,0,1,0,0,0,1,0,1,0,1,0,0,0,0,0,0,0,0
1.0,0.0,29.881137667304014,8,2,6.322727272727272,1,0,0,1,0,0,1,0,0,1,0,0,0,1,1,0,0,0,0,0,0,0,0
1.0,0.0,29.881137667304014,0,0,30.6958,1,0,0,0,1,0,1,0,0,0,1,1,0,0,1,0,0,0,0,0,0,0,0
1.0,0.0,25.0,0,0,7.8958,1,0,0,0,1,0,1,0,0,0,1,0,0,1,1,0,0,0,0,0,0,0,0
1.0,0.0,39.0,0,0,13.0,1,0,0,0,1,0,1,0,0,0,1,0,1,0,1,0,0,0,0,0,0,0,0
1.0,1.0,49.0,0,0,25.9292,1,0,0,0,1,0,1,0,0,1,0,1,0,0,0,0,0,1,0,0,0,0,0
1.0,1.0,31.0,0,0,8.6833,1,0,1,0,0,0,1,0,0,1,0,0,0,1,1,0,0,0,0,0,0,0,0
1.0,0.0,30.0,0,0,7.2292,1,0,0,0,1,0,1,0,0,0,1,0,0,1,1,0,0,0,0,0,0,0,0
1.0,0.0,30.0,1,1,8.049999999999999,1,0,1,0,0,0,1,0,0,1,0,0,0,1,1,0,0,0,0,0,0,0,0
1.0,0.0,34.0,0,0,6.5,1,0,0,0,1,0,1,0,0,0,1,0,1,0,1,0,0,0,0,0,0,0,0
1.0,1.0,31.0,1,1,8.75,1,0,1,0,0,0,1,0,0,1,0,0,1,0,1,0,0,0,0,0,0,0,0
1.0,1.0,11.0,1,2,30.0,0,1,0,1,0,0,1,0,0,0,1,1,0,0,0,0,0,0,1,0,0,0,0
1.0,1.0,0.42,0,1,4.25835,0,1,0,1,0,0,1,0,0,0,1,0,0,1,1,0,0,0,0,0,0,0,0
1.0,1.0,27.0,0,0,6.975,1,0,0,0,1,0,1,0,0,0,1,0,0,1,1,0,0,0,0,0,0,0,0
1.0,0.0,31.0,0,0,7.775,1,0,0,0,1,0,1,0,0,0,1,0,0,1,1,0,0,0,0,0,0,0,0
1.0,0.0,39.0,0,0,0.0,1,0,0,0,1,0,1,0,0,0,1,1,0,0,0,0,0,0,0,1,0,0,0
1.0,0.0,18.0,0,0,7.775,1,0,0,1,0,0,1,0,0,1,0,0,0,1,1,0,0,0,0,0,0,0,0
1.0,0.0,39.0,0,0,13.0,1,0,0,0,1,0,1,0,0,0,1,0,1,0,1,0,0,0,0,0,0,0,0
1.0,1.0,33.0,1,0,26.55,1,0,1,0,0,0,1,0,0,1,0,1,0,0,0,0,0,0,0,0,0,0,1
1.0,0.0,26.0,0,0,7.8875,1,0,0,0,1,0,1,0,0,0,1,0,0,1,1,0,0,0,0,0,0,0,0
1.0,0.0,39.0,0,0,8.049999999999999,1,0,0,0,1,0,1,0,0,0,1,0,0,1,1,0,0,0,0,0,0,0,0
1.0,0.0,35.0,0,0,10.5,1,0,0,0,1,0,1,0,0,0,1,0,1,0,1,0,0,0,0,0,0,0,0
1.0,0.0,6.0,4,2,4.4678571428571425,0,1,0,1,0,0,1,0,0,1,0,0,0,1,1,0,0,0,0,0,0,0,0
1.0,0.0,30.5,0,0,8.05,1,0,0,0,1,0,1,0,0,0,1,0,0,1,1,0,0,0,0,0,0,0,0
1.0,0.0,29.881137667304014,0,0,0.0,1,0,0,0,1,0,1,0,0,0,1,1,0,0,0,0,0,0,1,0,0,0,0
1.0,0.0,23.0,0,0,7.925,1,0,0,1,0,0,1,0,0,1,0,0,0,1,1,0,0,0,0,0,0,0,0
1.0,0.0,31.0,1,1,12.334733333333332,1,0,1,0,0,0,1,0,0,0,1,0,1,0,1,0,0,0,0,0,0,0,0
1.0,0.0,43.0,0,0,6.45,1,0,0,0,1,0,1,0,0,0,1,0,0,1,1,0,0,0,0,0,0,0,0
1.0,0.0,10.0,3,2,4.6499999999999995,0,1,0,1,0,0,1,0,0,0,1,0,0,1,1,0,0,0,0,0,0,0,0
1.0,1.0,52.0,1,1,23.375,1,0,1,0,0,0,1,0,0,1,0,1,0,0,0,0,0,0,1,0,0,0,0
1.0,1.0,27.0,0,0,8.6625,1,0,0,0,1,0,1,0,0,0,1,0,0,1,1,0,0,0,0,0,0,0,0
1.0,0.0,38.0,0,0,0.0,1,0,0,0,1,1,0,0,0,0,1,1,0,0,1,0,0,0,0,0,0,0,0
1.0,1.0,27.0,0,1,6.2375,1,0,1,0,0,0,1,0,0,1,0,0,0,1,0,0,0,0,0,0,0,0,1
1.0,0.0,2.0,4,1,5.669642857142857,0,1,0,1,0,0,1,0,0,0,1,0,0,1,1,0,0,0,0,0,0,0,0
1.0,0.0,29.881137667304014,0,0,6.95,1,0,0,0,1,0,1,0,0,0,1,0,0,1,1,0,0,0,0,0,0,0,0
1.0,0.0,29.881137667304014,0,0,7.061975,1,0,0,0,1,0,1,0,0,0,1,0,0,1,1,0,0,0,0,0,0,0,0
1.0,1.0,1.0,0,2,12.334733333333332,0,1,0,1,0,0,1,0,0,0,1,0,1,0,1,0,0,0,0,0,0,0,0
1.0,1.0,29.881137667304014,0,0,7.75,1,0,0,0,1,0,1,0,0,0,1,0,0,1,1,0,0,0,0,0,0,0,0
1.0,1.0,62.0,0,0,40.0,1,0,1,0,0,0,1,0,0,1,0,1,0,0,0,0,0,0,1,0,0,0,0
1.0,1.0,15.0,1,0,7.2271,0,1,1,0,0,0,1,0,0,1,0,0,0,1,1,0,0,0,0,0,0,0,0
1.0,1.0,0.83,1,1,6.25,0,1,0,1,0,0,1,0,0,0,1,0,1,0,1,0,0,0,0,0,0,0,0
1.0,0.0,29.881137667304014,0,0,7.2292,1,0,0,0,1,0,1,0,0,0,1,0,0,1,1,0,0,0,0,0,0,0,0
1.0,0.0,23.0,0,0,7.8542,1,0,0,0,1,0,1,0,0,0,1,0,0,1,1,0,0,0,0,0,0,0,0
1.0,0.0,18.0,0,0,8.3,1,0,0,0,1,0,1,0,0,0,1,0,0,1,1,0,0,0,0,0,0,0,0
1.0,1.0,39.0,1,1,27.71943333333333,1,0,0,1,0,0,1,0,0,1,0,1,0,0,0,0,0,0,0,0,0,0,1
1.0,0.0,21.0,0,0,8.6625,1,0,0,0,1,0,1,0,0,0,1,0,0,1,1,0,0,0,0,0,0,0,0
1.0,0.0,29.881137667304014,0,0,8.05,1,0,0,0,1,0,1,0,0,0,1,0,0,1,1,0,0,0,0,0,0,0,0
1.0,1.0,32.0,0,0,7.061975,1,0,0,0,1,0,1,0,0,0,1,0,0,1,1,0,0,0,0,0,0,0,0
1.0,1.0,29.881137667304014,0,0,29.7,1,0,0,0,1,0,1,0,0,0,1,1,0,0,0,1,0,0,0,0,0,0,0
1.0,0.0,20.0,0,0,7.925,1,0,0,0,1,0,1,0,0,0,1,0,0,1,1,0,0,0,0,0,0,0,0
1.0,0.0,16.0,0,0,5.25,1,0,0,0,1,0,1,0,0,0,1,0,1,0,1,0,0,0,0,0,0,0,0
1.0,1.0,30.0,0,0,15.5,1,0,0,1,0,0,1,0,0,1,0,1,0,0,1,0,0,0,0,0,0,0,0
1.0,0.0,34.5,0,0,6.4375,1,0,0,0,1,0,1,0,0,0,1,0,0,1,1,0,0,0,0,0,0,0,0
1.0,0.0,17.0,0,0,8.6625,1,0,0,0,1,0,1,0,0,0,1,0,0,1,1,0,0,0,0,0,0,0,0
1.0,0.0,42.0,0,0,7.55,1,0,0,0,1,0,1,0,0,0,1,0,0,1,1,0,0,0,0,0,0,0,0
1.0,0.0,29.881137667304014,8,2,6.322727272727272,1,0,0,0,1,0,1,0,0,0,1,0,0,1,1,0,0,0,0,0,0,0,0
1.0,0.0,35.0,0,0,7.8958,1,0,0,0,1,0,1,0,0,0,1,0,0,1,1,0,0,0,0,0,0,0,0
1.0,0.0,28.0,0,1,11.0,1,0,0,0,1,0,0,1,0,0,1,0,1,0,1,0,0,0,0,0,0,0,0
1.0,1.0,29.881137667304014,1,0,44.5521,1,0,1,0,0,0,1,0,0,1,0,1,0,0,0,1,0,0,0,0,0,0,0
1.0,0.0,4.0,4,2,4.4678571428571425,0,1,0,1,0,0,1,0,0,0,1,0,0,1,1,0,0,0,0,0,0,0,0
1.0,0.0,74.0,0,0,7.775,1,0,0,0,1,0,1,0,0,0,1,0,0,1,1,0,0,0,0,0,0,0,0
1.0,0.0,9.0,1,1,5.081933333333333,0,1,0,1,0,0,1,0,0,1,0,0,0,1,1,0,0,0,0,0,0,0,0
1.0,1.0,16.0,0,1,19.7,1,0,0,1,0,0,1,0,0,1,0,1,0,0,0,0,0,1,0,0,0,0,0
1.0,0.0,44.0,1,0,13.0,1,0,1,0,0,0,1,0,0,1,0,0,1,0,1,0,0,0,0,0,0,0,0
1.0,1.0,18.0,0,1,4.675,1,0,1,0,0,0,1,0,0,1,0,0,0,1,1,0,0,0,0,0,0,0,0
1.0,1.0,45.0,1,1,41.216675,1,0,1,0,0,0,1,0,0,1,0,1,0,0,1,0,0,0,0,0,0,0,0
1.0,1.0,51.0,0,0,26.55,1,0,0,0,1,0,1,0,0,0,1,1,0,0,0,0,0,0,0,0,0,0,1
1.0,1.0,24.0,0,3,4.814575,1,0,1,0,0,0,1,0,0,1,0,0,0,1,1,0,0,0,0,0,0,0,0
1.0,0.0,29.881137667304014,0,0,7.2292,1,0,0,0,1,0,1,0,0,0,1,0,0,1,1,0,0,0,0,0,0,0,0
1.0,0.0,41.0,2,0,7.05415,1,0,1,0,0,0,1,0,0,0,1,0,0,1,1,0,0,0,0,0,0,0,0
1.0,0.0,21.0,1,0,11.5,1,0,0,0,1,0,1,0,0,0,1,0,1,0,1,0,0,0,0,0,0,0,0
1.0,1.0,48.0,0,0,25.9292,1,0,1,0,0,0,1,0,0,1,0,1,0,0,0,0,0,1,0,0,0,0,0
1.0,0.0,29.881137667304014,8,2,6.322727272727272,1,0,0,1,0,0,1,0,0,1,0,0,0,1,1,0,0,0,0,0,0,0,0
1.0,0.0,24.0,0,0,13.0,1,0,0,0,1,0,1,0,0,0,1,0,1,0,1,0,0,0,0,0,0,0,0
1.0,1.0,42.0,0,0,13.0,1,0,1,0,0,0,1,0,0,1,0,0,1,0,1,0,0,0,0,0,0,0,0
1.0,1.0,27.0,1,0,13.8583,1,0,0,1,0,0,1,0,0,1,0,0,1,0,1,0,0,0,0,0,0,0,0
1.0,0.0,31.0,0,0,50.4958,1,0,0,0,1,0,1,0,0,0,1,1,0,0,0,0,0,0,0,1,0,0,0
1.0,0.0,29.881137667304014,0,0,9.5,1,0,0,0,1,0,1,0,0,0,1,0,0,1,1,0,0,0,0,0,0,0,0
1.0,1.0,4.0,1,1,3.7111,0,1,0,1,0,0,1,0,0,0,1,0,0,1,1,0,0,0,0,0,0,0,0
1.0,0.0,26.0,0,0,7.8958,1,0,0,0,1,0,1,0,0,0,1,0,0,1,1,0,0,0,0,0,0,0,0
1.0,1.0,47.0,1,1,26.2771,1,0,1,0,0,0,1,0,0,1,0,1,0,0,0,0,0,1,0,0,0,0,0
1.0,0.0,33.0,0,0,5.0,1,0,0,0,1,0,1,0,0,0,1,1,0,0,0,0,0,0,1,0,0,0,0
1.0,0.0,47.0,0,0,9.0,1,0,0,0,1,0,1,0,0,0,1,0,0,1,1,0,0,0,0,0,0,0,0
1.0,1.0,28.0,1,0,12.0,1,0,1,0,0,0,1,0,0,1,0,0,1,0,1,0,0,0,0,0,0,0,0
1.0,1.0,15.0,0,0,7.225,0,1,0,1,0,0,1,0,0,1,0,0,0,1,1,0,0,0,0,0,0,0,0
1.0,0.0,20.0,0,0,4.9229,1,0,0,0,1,0,1,0,0,0,1,0,0,1,1,0,0,0,0,0,0,0,0
1.0,0.0,19.0,0,0,7.8958,1,0,0,0,1,0,1,0,0,0,1,0,0,1,1,0,0,0,0,0,0,0,0
1.0,0.0,29.881137667304014,0,0,7.8958,1,0,0,0,1,0,1,0,0,0,1,0,0,1,1,0,0,0,0,0,0,0,0
1.0,1.0,56.0,0,1,27.71943333333333,1,0,1,0,0,0,1,0,0,1,0,1,0,0,0,1,0,0,0,0,0,0,0
1.0,1.0,25.0,0,1,13.0,1,0,1,0,0,0,1,0,0,1,0,0,1,0,1,0,0,0,0,0,0,0,0
1.0,0.0,33.0,0,0,7.8958,1,0,0,0,1,0,1,0,0,0,1,0,0,1,1,0,0,0,0,0,0,0,0
1.0,0.0,22.0,0,0,10.5167,1,0,0,1,0,0,1,0,0,1,0,0,0,1,1,0,0,0,0,0,0,0,0
1.0,0.0,28.0,0,0,10.5,1,0,0,0,1,0,1,0,0,0,1,0,1,0,1,0,0,0,0,0,0,0,0
1.0,0.0,25.0,0,0,7.05,1,0,0,0,1,0,1,0,0,0,1,0,0,1,1,0,0,0,0,0,0,0,0
1.0,0.0,39.0,0,5,4.854166666666667,1,0,1,0,0,0,1,0,0,1,0,0,0,1,1,0,0,0,0,0,0,0,0
1.0,0.0,27.0,0,0,13.0,1,0,0,0,1,0,0,1,0,0,1,0,1,0,1,0,0,0,0,0,0,0,0
1.0,1.0,19.0,0,0,30.0,1,0,0,1,0,0,1,0,0,1,0,1,0,0,0,0,0,0,1,0,0,0,0
1.0,0.0,29.881137667304014,1,2,5.8625,1,0,0,1,0,0,1,0,0,1,0,0,0,1,1,0,0,0,0,0,0,0,0
1.0,1.0,26.0,0,0,30.0,1,0,0,0,1,0,1,0,0,0,1,1,0,0,0,1,0,0,0,0,0,0,0
1.0,0.0,32.0,0,0,7.75,1,0,0,0,1,0,1,0,0,0,1,0,0,1,1,0,0,0,0,0,0,0,0
0.0,-1.0,34.5,0,0,7.8292,1,0,0,0,1,0,1,0,0,0,1,0,0,1,1,0,0,0,0,0,0,0,0
0.0,-1.0,47.0,1,0,7.0,1,0,1,0,0,0,1,0,0,1,0,0,0,1,1,0,0,0,0,0,0,0,0
0.0,-1.0,62.0,0,0,9.6875,1,0,0,0,1,0,1,0,0,0,1,0,1,0,1,0,0,0,0,0,0,0,0
0.0,-1.0,27.0,0,0,8.6625,1,0,0,0,1,0,1,0,0,0,1,0,0,1,1,0,0,0,0,0,0,0,0
0.0,-1.0,22.0,1,1,6.14375,1,0,1,0,0,0,1,0,0,1,0,0,0,1,1,0,0,0,0,0,0,0,0
0.0,-1.0,14.0,0,0,9.225,0,1,0,0,1,0,1,0,0,0,1,0,0,1,1,0,0,0,0,0,0,0,0
0.0,-1.0,30.0,0,0,7.6292,1,0,0,1,0,0,1,0,0,1,0,0,0,1,1,0,0,0,0,0,0,0,0
0.0,-1.0,26.0,1,1,9.666666666666666,1,0,1,0,0,0,1,0,0,0,1,0,1,0,1,0,0,0,0,0,0,0,0
0.0,-1.0,18.0,0,0,7.2292,1,0,1,0,0,0,1,0,0,1,0,0,0,1,1,0,0,0,0,0,0,0,0
0.0,-1.0,21.0,2,0,8.049999999999999,1,0,1,0,0,0,1,0,0,0,1,0,0,1,1,0,0,0,0,0,0,0,0
0.0,-1.0,29.881137667304014,0,0,7.8958,1,0,0,0,1,0,1,0,0,0,1,0,0,1,1,0,0,0,0,0,0,0,0
0.0,-1.0,46.0,0,0,26.0,1,0,0,0,1,0,1,0,0,0,1,1,0,0,1,0,0,0,0,0,0,0,0
0.0,-1.0,23.0,1,0,41.13335,1,0,1,0,0,0,1,0,0,1,0,1,0,0,0,0,0,0,1,0,0,0,0
0.0,-1.0,63.0,1,0,13.0,1,0,1,0,0,0,1,0,0,0,1,0,1,0,1,0,0,0,0,0,0,0,0
0.0,-1.0,47.0,1,0,30.5875,1,0,1,0,0,0,1,0,0,1,0,1,0,0,0,0,0,0,0,0,0,0,1
0.0,-1.0,24.0,1,0,13.8604,1,0,1,0,0,0,1,0,0,1,0,0,1,0,1,0,0,0,0,0,0,0,0
0.0,-1.0,35.0,0,0,12.35,1,0,0,0,1,0,1,0,0,0,1,0,1,0,1,0,0,0,0,0,0,0,0
0.0,-1.0,21.0,0,0,7.225,1,0,0,0,1,0,1,0,0,0,1,0,0,1,1,0,0,0,0,0,0,0,0
0.0,-1.0,27.0,1,0,7.925,1,0,0,1,0,0,1,0,0,1,0,0,0,1,1,0,0,0,0,0,0,0,0
0.0,-1.0,45.0,0,0,7.225,1,0,1,0,0,0,1,0,0,1,0,0,0,1,1,0,0,0,0,0,0,0,0
0.0,-1.0,55.0,1,0,29.7,1,0,1,0,0,0,1,0,0,0,1,1,0,0,1,0,0,0,0,0,0,0,0
0.0,-1.0,9.0,0,1,3.1708,0,1,0,1,0,0,1,0,0,0,1,0,0,1,1,0,0,0,0,0,0,0,0
0.0,-1.0,29.881137667304014,0,0,31.6833,1,0,1,0,0,0,1,0,0,1,0,1,0,0,1,0,0,0,0,0,0,0,0
0.0,-1.0,21.0,0,1,30.6896,1,0,0,0,1,0,1,0,0,0,1,1,0,0,1,0,0,0,0,0,0,0,0
0.0,-1.0,48.0,1,3,37.482142857142854,1,0,1,0,0,0,1,0,0,1,0,1,0,0,0,0,0,0,1,0,0,0,0
0.0,-1.0,50.0,1,0,7.25,1,0,1,0,0,0,1,0,0,0,1,0,0,1,1,0,0,0,0,0,0,0,0
0.0,-1.0,22.0,0,1,30.9896,1,0,0,1,0,0,1,0,0,1,0,1,0,0,0,0,0,0,1,0,0,0,0
0.0,-1.0,22.5,0,0,7.225,1,0,0,0,1,0,1,0,0,0,1,0,0,1,1,0,0,0,0,0,0,0,0
0.0,-1.0,41.0,0,0,30.5,1,0,0,0,1,0,1,0,0,0,1,1,0,0,0,0,0,0,0,1,0,0,0
0.0,-1.0,29.881137667304014,2,0,7.226400000000001,1,0,0,0,1,0,1,0,0,0,1,0,0,1,1,0,0,0,0,0,0,0,0
0.0,-1.0,50.0,1,0,13.0,1,0,1,0,0,0,1,0,0,0,1,0,1,0,1,0,0,0,0,0,0,0,0
0.0,-1.0,24.0,2,0,10.5,1,0,0,0,1,0,1,0,0,0,1,0,1,0,1,0,0,0,0,0,0,0,0
0.0,-1.0,33.0,1,2,5.14375,1,0,1,0,0,0,1,0,0,1,0,0,0,1,1,0,0,0,0,0,0,0,0
0.0,-1.0,29.881137667304014,1,2,5.8625,1,0,1,0,0,0,1,0,0,1,0,0,0,1,1,0,0,0,0,0,0,0,0
0.0,-1.0,30.0,1,0,28.875,1,0,0,0,1,0,1,0,0,0,1,1,0,0,0,1,0,0,0,0,0,0,0
0.0,-1.0,18.5,0,0,7.2292,1,0,0,0,1,0,1,0,0,0,1,0,0,1,1,0,0,0,0,0,0,0,0
0.0,-1.0,29.881137667304014,0,0,8.05,1,0,0,1,0,0,1,0,0,1,0,0,0,1,1,0,0,0,0,0,0,0,0
0.0,-1.0,21.0,0,0,8.6625,1,0,0,1,0,0,1,0,0,1,0,0,0,1,1,0,0,0,0,0,0,0,0
0.0,-1.0,25.0,0,0,9.5,1,0,0,0,1,0,1,0,0,0,1,0,0,1,1,0,0,0,0,0,0,0,0
0.0,-1.0,29.881137667304014,0,0,7.061975,1,0,0,0,1,0,1,0,0,0,1,0,0,1,1,0,0,0,0,0,0,0,0
0.0,-1.0,39.0,0,1,6.70835,1,0,0,0,1,0,1,0,0,0,1,0,0,1,1,0,0,0,0,0,0,0,0
0.0,-1.0,29.881137667304014,0,0,26.55,1,0,0,0,1,0,1,0,0,0,1,1,0,0,0,0,0,1,0,0,0,0,0
0.0,-1.0,41.0,0,0,7.85,1,0,0,0,1,0,1,0,0,0,1,0,0,1,1,0,0,0,0,0,0,0,0
0.0,-1.0,30.0,0,0,13.0,1,0,1,0,0,0,1,0,0,1,0,0,1,0,1,0,0,0,0,0,0,0,0
0.0,-1.0,45.0,1,0,26.2771,1,0,1,0,0,0,1,0,0,1,0,1,0,0,0,0,0,1,0,0,0,0,0
0.0,-1.0,25.0,0,0,7.925,1,0,0,0,1,0,1,0,0,0,1,0,0,1,1,0,0,0,0,0,0,0,0
0.0,-1.0,45.0,0,0,29.7,1,0,0,0,1,0,1,0,0,0,1,1,0,0,0,0,0,0,0,1,0,0,0
0.0,-1.0,29.881137667304014,0,0,7.75,1,0,0,0,1,0,1,0,0,0,1,0,0,1,1,0,0,0,0,0,0,0,0
0.0,-1.0,60.0,0,0,38.14585,1,0,1,0,0,0,1,0,0,1,0,1,0,0,0,0,0,1,0,0,0,0,0
0.0,-1.0,36.0,0,2,5.3,1,0,1,0,0,0,1,0,0,1,0,0,0,1,1,0,0,0,0,0,0,0,0
0.0,-1.0,24.0,1,0,30.0,1,0,1,0,0,0,1,0,0,0,1,1,0,0,0,1,0,0,0,0,0,0,0
0.0,-1.0,27.0,0,0,15.0333,1,0,0,0,1,0,1,0,0,0,1,0,1,0,1,0,0,0,0,0,0,0,0
0.0,-1.0,20.0,2,1,11.5,1,0,0,1,0,0,1,0,0,1,0,0,1,0,1,0,0,0,0,0,0,0,0
0.0,-1.0,28.0,3,2,43.833333333333336,1,0,0,1,0,0,1,0,0,1,0,1,0,0,0,1,0,0,0,0,0,0,0
0.0,-1.0,29.881137667304014,0,0,15.5792,1,0,0,0,1,0,1,0,0,0,1,0,1,0,1,0,0,0,0,0,0,0,0
0.0,-1.0,10.0,4,1,4.854166666666667,0,1,0,1,0,0,1,0,0,0,1,0,0,1,1,0,0,0,0,0,0,0,0
0.0,-1.0,35.0,0,0,7.8958,1,0,0,0,1,0,1,0,0,0,1,0,0,1,1,0,0,0,0,0,0,0,0
0.0,-1.0,25.0,0,0,7.65,1,0,0,0,1,0,1,0,0,0,1,0,0,1,0,0,0,0,0,0,1,0,0
0.0,-1.0,29.881137667304014,1,0,8.05,1,0,1,0,0,0,1,0,0,0,1,0,0,1,1,0,0,0,0,0,0,0,0
0.0,-1.0,36.0,0,0,37.482142857142854,1,0,0,1,0,0,1,0,0,1,0,1,0,0,0,0,0,0,1,0,0,0,0
0.0,-1.0,17.0,0,0,7.8958,1,0,0,0,1,0,1,0,0,0,1,0,0,1,1,0,0,0,0,0,0,0,0
0.0,-1.0,32.0,0,0,13.5,1,0,0,0,1,0,1,0,0,0,1,0,1,0,1,0,0,0,0,0,0,0,0
0.0,-1.0,18.0,0,0,7.75,1,0,0,0,1,0,1,0,0,0,1,0,0,1,1,0,0,0,0,0,0,0,0
0.0,-1.0,22.0,0,0,7.725,1,0,0,1,0,0,1,0,0,1,0,0,0,1,1,0,0,0,0,0,0,0,0
0.0,-1.0,13.0,2,2,37.482142857142854,0,1,0,1,0,0,1,0,0,0,1,1,0,0,0,0,0,0,1,0,0,0,0
0.0,-1.0,29.881137667304014,0,0,10.5,1,0,1,0,0,0,1,0,0,1,0,0,1,0,1,0,0,0,0,0,0,0,0
0.0,-1.0,18.0,0,0,7.8792,1,0,0,1,0,0,1,0,0,1,0,0,0,1,1,0,0,0,0,0,0,0,0
0.0,-1.0,47.0,0,0,21.2,1,0,0,0,1,0,1,0,0,0,1,1,0,0,1,0,0,0,0,0,0,0,0
0.0,-1.0,31.0,0,0,28.5375,1,0,0,0,1,0,1,0,0,0,1,1,0,0,0,1,0,0,0,0,0,0,0
0.0,-1.0,60.0,1,4,43.833333333333336,1,0,1,0,0,0,1,0,0,1,0,1,0,0,0,1,0,0,0,0,0,0,0
0.0,-1.0,24.0,0,0,7.75,1,0,0,1,0,0,1,0,0,1,0,0,0,1,1,0,0,0,0,0,0,0,0
0.0,-1.0,21.0,0,0,7.8958,1,0,0,0,1,0,1,0,0,0,1,0,0,1,1,0,0,0,0,0,0,0,0
0.0,-1.0,29.0,0,0,7.925,1,0,0,1,0,0,1,0,0,1,0,0,0,1,1,0,0,0,0,0,0,0,0
0.0,-1.0,28.5,0,0,27.7208,1,0,0,0,1,0,1,0,0,0,1,1,0,0,0,0,0,1,0,0,0,0,0
0.0,-1.0,35.0,0,0,42.3,1,0,0,1,0,0,1,0,0,1,0,1,0,0,0,1,0,0,0,0,0,0,0
0.0,-1.0,32.5,0,0,42.3,1,0,0,0,1,0,1,0,0,0,1,1,0,0,0,1,0,0,0,0,0,0,0
0.0,-1.0,29.881137667304014,0,0,8.05,1,0,0,0,1,0,1,0,0,0,1,0,0,1,1,0,0,0,0,0,0,0,0
0.0,-1.0,55.0,2,0,25.7,1,0,1,0,0,0,1,0,0,1,0,1,0,0,0,1,0,0,0,0,0,0,0
0.0,-1.0,30.0,0,0,13.0,1,0,0,0,1,0,1,0,0,0,1,0,1,0,1,0,0,0,0,0,0,0,0
0.0,-1.0,24.0,0,0,7.75,1,0,0,1,0,0,1,0,0,1,0,0,0,1,1,0,0,0,0,0,0,0,0
0.0,-1.0,6.0,1,1,5.081933333333333,0,1,0,1,0,0,1,0,0,0,1,0,0,1,1,0,0,0,0,0,0,0,0
0.0,-1.0,67.0,1,0,55.4448,1,0,1,0,0,0,1,0,0,0,1,1,0,0,0,1,0,0,0,0,0,0,0
0.0,-1.0,49.0,0,0,26.0,1,0,0,0,1,0,1,0,0,0,1,1,0,0,1,0,0,0,0,0,0,0,0
0.0,-1.0,29.881137667304014,0,0,7.8958,1,0,0,0,1,0,1,0,0,0,1,0,0,1,1,0,0,0,0,0,0,0,0
0.0,-1.0,29.881137667304014,0,0,10.7083,1,0,0,0,1,0,1,0,0,0,1,0,1,0,1,0,0,0,0,0,0,0,0
0.0,-1.0,29.881137667304014,1,0,7.2271,1,0,1,0,0,0,1,0,0,0,1,0,0,1,1,0,0,0,0,0,0,0,0
0.0,-1.0,27.0,0,0,7.8792,1,0,0,1,0,0,1,0,0,1,0,0,0,1,1,0,0,0,0,0,0,0,0
0.0,-1.0,18.0,0,0,8.05,1,0,0,1,0,0,1,0,0,1,0,0,0,1,1,0,0,0,0,0,0,0,0
0.0,-1.0,29.881137667304014,0,0,7.75,1,0,0,1,0,0,1,0,0,1,0,0,0,1,1,0,0,0,0,0,0,0,0
0.0,-1.0,2.0,1,1,7.666666666666667,0,1,0,1,0,0,1,0,0,0,1,0,1,0,1,0,0,0,0,0,0,0,0
0.0,-1.0,22.0,1,0,6.95,1,0,1,0,0,0,1,0,0,1,0,0,0,1,1,0,0,0,0,0,0,0,0
0.0,-1.0,29.881137667304014,0,0,7.775,1,0,0,0,1,0,1,0,0,0,1,0,0,1,1,0,0,0,0,0,0,0,0
0.0,-1.0,27.0,1,2,26.0,1,0,1,0,0,0,1,0,0,1,0,1,0,0,0,0,0,0,1,0,0,0,0
0.0,-1.0,29.881137667304014,0,0,8.05,1,0,0,0,1,0,1,0,0,0,1,0,0,1,1,0,0,0,0,0,0,0,0
0.0,-1.0,25.0,0,0,26.0,1,0,0,0,1,0,1,0,0,0,1,1,0,0,1,0,0,0,0,0,0,0,0
0.0,-1.0,25.0,0,0,7.7958,1,0,0,0,1,0,1,0,0,0,1,0,0,1,1,0,0,0,0,0,0,0,0
0.0,-1.0,76.0,1,0,26.28333333333333,1,0,1,0,0,0,1,0,0,1,0,1,0,0,0,1,0,0,0,0,0,0,0
0.0,-1.0,29.0,0,0,7.925,1,0,0,0,1,0,1,0,0,0,1,0,0,1,1,0,0,0,0,0,0,0,0
0.0,-1.0,20.0,0,0,7.8542,1,0,0,1,0,0,1,0,0,1,0,0,0,1,1,0,0,0,0,0,0,0,0
0.0,-1.0,33.0,0,0,8.05,1,0,0,0,1,0,1,0,0,0,1,0,0,1,1,0,0,0,0,0,0,0,0
0.0,-1.0,43.0,1,0,27.72085,1,0,1,0,0,0,1,0,0,1,0,1,0,0,0,1,0,0,0,0,0,0,0
0.0,-1.0,27.0,1,0,13.0,1,0,1,0,0,0,1,0,0,0,1,0,1,0,1,0,0,0,0,0,0,0,0
0.0,-1.0,29.881137667304014,0,0,7.75,1,0,0,0,1,0,1,0,0,0,1,0,0,1,1,0,0,0,0,0,0,0,0
0.0,-1.0,26.0,0,0,7.775,1,0,0,0,1,0,1,0,0,0,1,0,0,1,1,0,0,0,0,0,0,0,0
0.0,-1.0,16.0,1,1,4.25835,1,0,1,0,0,0,1,0,0,1,0,0,0,1,1,0,0,0,0,0,0,0,0
0.0,-1.0,28.0,0,0,7.508333333333333,1,0,0,0,1,0,1,0,0,0,1,0,0,1,1,0,0,0,0,0,0,0,0
0.0,-1.0,21.0,0,0,7.8208,1,0,0,0,1,0,1,0,0,0,1,0,0,1,1,0,0,0,0,0,0,0,0
0.0,-1.0,29.881137667304014,0,0,7.75,1,0,0,0,1,0,1,0,0,0,1,0,0,1,1,0,0,0,0,0,0,0,0
0.0,-1.0,29.881137667304014,0,0,8.7125,1,0,0,0,1,0,1,0,0,0,1,0,0,1,1,0,0,0,0,0,0,0,0
0.0,-1.0,18.5,0,0,13.0,1,0,0,0,1,0,1,0,0,0,1,0,1,0,0,0,0,0,0,0,1,0,0
0.0,-1.0,41.0,0,0,15.0458,1,0,0,0,1,0,1,0,0,0,1,0,1,0,1,0,0,0,0,0,0,0,0
0.0,-1.0,29.881137667304014,0,0,7.7792,1,0,0,1,0,0,1,0,0,1,0,0,0,1,1,0,0,0,0,0,0,0,0
0.0,-1.0,36.0,0,0,31.6792,1,0,0,1,0,0,1,0,0,1,0,1,0,0,0,0,0,0,0,1,0,0,0
0.0,-1.0,18.5,0,0,7.2833,1,0,0,1,0,0,1,0,0,1,0,0,0,1,1,0,0,0,0,0,0,0,0
0.0,-1.0,63.0,1,0,55.4448,1,0,1,0,0,0,1,0,0,1,0,1,0,0,0,1,0,0,0,0,0,0,0
0.0,-1.0,18.0,1,0,7.2271,1,0,0,0,1,0,1,0,0,0,1,0,0,1,1,0,0,0,0,0,0,0,0
0.0,-1.0,29.881137667304014,0,0,6.4375,1,0,0,0,1,0,1,0,0,0,1,0,0,1,1,0,0,0,0,0,0,0,0
0.0,-1.0,1.0,1,1,5.566666666666666,0,1,0,1,0,0,1,0,0,1,0,0,0,1,0,0,0,0,0,0,0,1,0
0.0,-1.0,36.0,0,0,37.62085,1,0,0,0,1,0,1,0,0,0,1,1,0,0,0,1,0,0,0,0,0,0,0
0.0,-1.0,29.0,1,0,13.0,1,0,1,0,0,0,1,0,0,1,0,0,1,0,1,0,0,0,0,0,0,0,0
0.0,-1.0,12.0,0,0,7.875,0,1,0,1,0,0,1,0,0,1,0,0,1,0,1,0,0,0,0,0,0,0,0
0.0,-1.0,29.881137667304014,1,0,7.75,1,0,0,0,1,0,1,0,0,0,1,0,0,1,1,0,0,0,0,0,0,0,0
0.0,-1.0,35.0,1,0,28.875,1,0,1,0,0,0,1,0,0,1,0,1,0,0,0,1,0,0,0,0,0,0,0
0.0,-1.0,28.0,0,0,7.25,1,0,0,0,1,0,1,0,0,0,1,0,0,1,1,0,0,0,0,0,0,0,0
0.0,-1.0,29.881137667304014,0,0,7.75,1,0,0,0,1,0,1,0,0,0,1,0,0,1,1,0,0,0,0,0,0,0,0
0.0,-1.0,17.0,0,1,8.05,1,0,0,1,0,0,1,0,0,1,0,0,0,1,1,0,0,0,0,0,0,0,0
0.0,-1.0,22.0,0,0,7.7958,1,0,0,0,1,0,1,0,0,0,1,0,0,1,1,0,0,0,0,0,0,0,0
0.0,-1.0,29.881137667304014,2,0,7.75,1,0,0,1,0,0,1,0,0,1,0,0,0,1,1,0,0,0,0,0,0,0,0
0.0,-1.0,42.0,0,0,13.0,1,0,0,0,1,0,1,0,0,0,1,0,1,0,1,0,0,0,0,0,0,0,0
0.0,-1.0,24.0,0,0,8.05,1,0,0,0,1,0,1,0,0,0,1,0,0,1,1,0,0,0,0,0,0,0,0
0.0,-1.0,32.0,0,0,8.05,1,0,0,0,1,0,1,0,0,0,1,0,0,1,1,0,0,0,0,0,0,0,0
0.0,-1.0,53.0,0,0,28.5,1,0,0,0,1,0,0,0,1,0,1,1,0,0,0,1,0,0,0,0,0,0,0
0.0,-1.0,29.881137667304014,0,4,5.0933399999999995,1,0,1,0,0,0,1,0,0,1,0,0,0,1,1,0,0,0,0,0,0,0,0
0.0,-1.0,29.881137667304014,1,0,6.4375,1,0,0,0,1,0,1,0,0,0,1,0,0,1,1,0,0,0,0,0,0,0,0
0.0,-1.0,43.0,0,0,7.8958,1,0,0,0,1,0,1,0,0,0,1,0,0,1,1,0,0,0,0,0,0,0,0
0.0,-1.0,24.0,0,0,7.8542,1,0,0,0,1,0,1,0,0,0,1,0,0,1,1,0,0,0,0,0,0,0,0
0.0,-1.0,26.5,0,0,7.225,1,0,0,0,1,0,1,0,0,0,1,0,0,1,1,0,0,0,0,0,0,0,0
0.0,-1.0,26.0,0,0,13.0,1,0,0,0,1,0,1,0,0,0,1,0,1,0,1,0,0,0,0,0,0,0,0
0.0,-1.0,23.0,0,0,8.05,1,0,0,1,0,0,1,0,0,1,0,0,0,1,1,0,0,0,0,0,0,0,0
0.0,-1.0,40.0,1,6,5.8625,1,0,0,0,1,0,1,0,0,0,1,0,0,1,1,0,0,0,0,0,0,0,0
0.0,-1.0,10.0,5,2,5.8625,0,1,0,1,0,0,1,0,0,1,0,0,0,1,1,0,0,0,0,0,0,0,0
0.0,-1.0,33.0,0,0,25.258333333333336,1,0,0,1,0,0,1,0,0,1,0,1,0,0,1,0,0,0,0,0,0,0,0
0.0,-1.0,61.0,1,3,37.482142857142854,1,0,1,0,0,0,1,0,0,0,1,1,0,0,0,0,0,0,1,0,0,0,0
0.0,-1.0,28.0,0,0,13.0,1,0,0,0,1,0,1,0,0,0,1,0,1,0,1,0,0,0,0,0,0,0,0
0.0,-1.0,42.0,0,0,26.55,1,0,0,0,1,0,1,0,0,0,1,1,0,0,1,0,0,0,0,0,0,0,0
0.0,-1.0,31.0,3,0,9.0,1,0,1,0,0,0,1,0,0,0,1,0,0,1,1,0,0,0,0,0,0,0,0
0.0,-1.0,29.881137667304014,0,0,25.93125,1,0,0,0,1,0,1,0,0,0,1,1,0,0,0,0,0,0,0,0,0,0,1
0.0,-1.0,22.0,0,0,8.05,1,0,0,0,1,0,1,0,0,0,1,0,0,1,1,0,0,0,0,0,0,0,0
0.0,-1.0,29.881137667304014,0,0,26.55,1,0,0,0,1,0,1,0,0,0,1,1,0,0,1,0,0,0,0,0,0,0,0
0.0,-1.0,30.0,1,1,13.0,1,0,0,0,1,0,0,1,0,0,1,0,1,0,1,0,0,0,0,0,0,0,0
0.0,-1.0,23.0,0,1,27.71943333333333,1,0,1,0,0,0,1,0,0,1,0,1,0,0,0,1,0,0,0,0,0,0,0
0.0,-1.0,29.881137667304014,0,0,7.8958,1,0,0,0,1,0,1,0,0,0,1,0,0,1,1,0,0,0,0,0,0,0,0
0.0,-1.0,60.5,0,0,14.757627255351636,1,0,0,0,1,0,1,0,0,0,1,0,0,1,1,0,0,0,0,0,0,0,0
0.0,-1.0,36.0,0,2,6.09165,1,0,1,0,0,0,1,0,0,1,0,0,0,1,1,0,0,0,0,0,0,0,0
0.0,-1.0,13.0,4,2,4.483928571428572,0,1,0,1,0,0,1,0,0,0,1,0,0,1,1,0,0,0,0,0,0,0,0
0.0,-1.0,24.0,0,0,7.55,1,0,0,0,1,0,1,0,0,0,1,0,0,1,1,0,0,0,0,0,0,0,0
0.0,-1.0,29.0,0,0,55.4448,1,0,0,1,0,0,1,0,0,1,0,1,0,0,0,1,0,0,0,0,0,0,0
0.0,-1.0,23.0,0,0,7.8542,1,0,0,1,0,0,1,0,0,1,0,0,0,1,1,0,0,0,0,0,0,0,0
0.0,-1.0,42.0,0,0,26.55,1,0,0,0,1,0,1,0,0,0,1,1,0,0,0,0,0,1,0,0,0,0,0
0.0,-1.0,26.0,0,2,4.591666666666667,1,0,1,0,0,0,1,0,0,1,0,0,0,1,1,0,0,0,0,0,0,0,0
0.0,-1.0,29.881137667304014,0,0,7.7333,1,0,0,1,0,0,1,0,0,1,0,0,0,1,1,0,0,0,0,0,0,0,0
0.0,-1.0,7.0,1,1,5.081933333333333,0,1,0,1,0,0,1,0,0,0,1,0,0,1,1,0,0,0,0,0,0,0,0
0.0,-1.0,26.0,0,0,13.5,1,0,0,1,0,0,1,0,0,1,0,0,1,0,1,0,0,0,0,0,0,0,0
0.0,-1.0,29.881137667304014,0,0,7.0,1,0,0,0,1,0,1,0,0,0,1,0,0,1,1,0,0,0,0,0,0,0,0
0.0,-1.0,41.0,0,0,13.0,1,0,0,0,1,0,0,1,0,0,1,0,1,0,1,0,0,0,0,0,0,0,0
0.0,-1.0,26.0,1,1,7.341666666666666,1,0,1,0,0,0,1,0,0,1,0,0,0,1,1,0,0,0,0,0,0,0,0
0.0,-1.0,48.0,0,0,50.4958,1,0,0,0,1,0,1,0,0,0,1,1,0,0,0,0,0,0,1,0,0,0,0
0.0,-1.0,18.0,2,2,6.875,1,0,1,0,0,0,1,0,0,0,1,0,0,1,1,0,0,0,0,0,0,0,0
0.0,-1.0,29.881137667304014,0,0,27.7208,1,0,1,0,0,0,1,0,0,1,0,1,0,0,1,0,0,0,0,0,0,0,0
0.0,-1.0,22.0,0,0,8.9625,1,0,0,1,0,0,1,0,0,1,0,0,0,1,1,0,0,0,0,0,0,0,0
0.0,-1.0,29.881137667304014,0,0,7.55,1,0,0,0,1,0,1,0,0,0,1,0,0,1,1,0,0,0,0,0,0,0,0
0.0,-1.0,27.0,0,0,7.225,1,0,0,0,1,0,1,0,0,0,1,0,0,1,1,0,0,0,0,0,0,0,0
0.0,-1.0,23.0,1,0,6.95,1,0,1,0,0,0,1,0,0,0,1,0,0,1,1,0,0,0,0,0,0,0,0
0.0,-1.0,29.881137667304014,0,0,7.2292,1,0,0,0,1,0,1,0,0,0,1,0,0,1,1,0,0,0,0,0,0,0,0
0.0,-1.0,40.0,1,5,4.483928571428572,1,0,1,0,0,0,1,0,0,0,1,0,0,1,1,0,0,0,0,0,0,0,0
0.0,-1.0,15.0,0,2,13.0,0,1,0,1,0,0,1,0,0,1,0,0,1,0,1,0,0,0,0,0,0,0,0
0.0,-1.0,20.0,0,0,9.1875,1,0,0,1,0,0,1,0,0,1,0,0,1,0,1,0,0,0,0,0,0,0,0
0.0,-1.0,54.0,1,0,27.72085,1,0,1,0,0,0,1,0,0,0,1,1,0,0,0,1,0,0,0,0,0,0,0
0.0,-1.0,36.0,0,3,9.75,1,0,1,0,0,0,1,0,0,1,0,0,1,0,0,0,0,0,0,0,1,0,0
0.0,-1.0,64.0,0,2,27.71943333333333,1,0,1,0,0,0,1,0,0,1,0,1,0,0,0,0,0,0,0,0,0,0,1
0.0,-1.0,30.0,0,0,13.0,1,0,0,0,1,0,1,0,0,0,1,0,1,0,1,0,0,0,0,0,0,0,0
0.0,-1.0,37.0,1,1,27.71943333333333,1,0,1,0,0,0,1,0,0,0,1,1,0,0,0,0,0,0,0,0,0,0,1
0.0,-1.0,18.0,1,0,26.55,1,0,1,0,0,0,1,0,0,1,0,1,0,0,0,0,0,1,0,0,0,0,0
0.0,-1.0,29.881137667304014,0,0,7.75,1,0,0,0,1,0,1,0,0,0,1,0,0,1,1,0,0,0,0,0,0,0,0
0.0,-1.0,27.0,1,1,82.50693333333334,1,0,1,0,0,0,1,0,0,1,0,1,0,0,0,0,0,0,1,0,0,0,0
0.0,-1.0,40.0,0,0,16.0,1,0,0,0,1,0,1,0,0,0,1,0,1,0,1,0,0,0,0,0,0,0,0
0.0,-1.0,21.0,0,1,10.5,1,0,0,1,0,0,1,0,0,1,0,0,1,0,1,0,0,0,0,0,0,0,0
0.0,-1.0,17.0,2,0,8.05,1,0,0,0,1,0,1,0,0,0,1,0,0,1,1,0,0,0,0,0,0,0,0
0.0,-1.0,29.881137667304014,8,2,6.322727272727272,1,0,0,1,0,0,1,0,0,1,0,0,0,1,1,0,0,0,0,0,0,0,0
0.0,-1.0,40.0,0,0,13.0,1,0,0,0,1,0,1,0,0,0,1,0,1,0,1,0,0,0,0,0,0,0,0
0.0,-1.0,34.0,1,0,13.0,1,0,1,0,0,0,1,0,0,0,1,0,1,0,1,0,0,0,0,0,0,0,0
0.0,-1.0,29.881137667304014,0,0,26.0,1,0,0,0,1,0,1,0,0,0,1,1,0,0,1,0,0,0,0,0,0,0,0
0.0,-1.0,11.5,1,1,4.833333333333333,0,1,0,1,0,0,1,0,0,0,1,0,0,1,1,0,0,0,0,0,0,0,0
0.0,-1.0,61.0,0,0,12.35,1,0,0,0,1,0,1,0,0,0,1,0,1,0,1,0,0,0,0,0,0,0,0
0.0,-1.0,8.0,0,2,10.833333333333334,0,1,0,1,0,0,1,0,0,0,1,0,1,0,1,0,0,0,0,0,0,0,0
0.0,-1.0,33.0,0,0,7.8542,1,0,0,0,1,0,1,0,0,0,1,0,0,1,1,0,0,0,0,0,0,0,0
0.0,-1.0,6.0,0,2,26.9,0,1,0,1,0,0,1,0,0,0,1,1,0,0,0,0,0,0,0,0,0,0,1
0.0,-1.0,18.0,0,0,7.775,1,0,0,1,0,0,1,0,0,1,0,0,0,1,1,0,0,0,0,0,0,0,0
0.0,-1.0,23.0,0,0,10.5,1,0,0,0,1,0,1,0,0,0,1,0,1,0,1,0,0,0,0,0,0,0,0
0.0,-1.0,29.881137667304014,0,0,8.1125,1,0,1,0,0,0,1,0,0,1,0,0,0,1,1,0,0,0,0,0,0,0,0
0.0,-1.0,29.881137667304014,0,0,7.75,1,0,0,1,0,0,1,0,0,1,0,0,0,1,1,0,0,0,0,0,0,0,0
0.0,-1.0,0.33,0,2,4.8,0,1,0,1,0,0,1,0,0,0,1,0,0,1,1,0,0,0,0,0,0,0,0
0.0,-1.0,47.0,1,0,45.505,1,0,0,0,1,0,0,0,1,0,1,1,0,0,0,1,0,0,0,0,0,0,0
0.0,-1.0,8.0,1,1,8.666666666666666,0,1,0,1,0,0,1,0,0,1,0,0,1,0,1,0,0,0,0,0,0,0,0
0.0,-1.0,25.0,0,0,10.5,1,0,0,0,1,0,1,0,0,0,1,0,1,0,1,0,0,0,0,0,0,0,0
0.0,-1.0,29.881137667304014,0,0,25.7417,1,0,0,0,1,0,1,0,0,0,1,1,0,0,1,0,0,0,0,0,0,0,0
0.0,-1.0,35.0,0,0,7.75,1,0,0,1,0,0,1,0,0,1,0,0,0,1,1,0,0,0,0,0,0,0,0
0.0,-1.0,24.0,0,0,10.5,1,0,0,0,1,0,1,0,0,0,1,0,1,0,1,0,0,0,0,0,0,0,0
0.0,-1.0,33.0,0,0,27.7208,1,0,0,1,0,0,1,0,0,1,0,1,0,0,0,0,0,0,0,1,0,0,0
0.0,-1.0,25.0,0,0,7.8958,1,0,0,0,1,0,1,0,0,0,1,0,0,1,1,0,0,0,0,0,0,0,0
0.0,-1.0,32.0,0,0,7.508333333333333,1,0,0,0,1,0,1,0,0,0,1,0,0,1,1,0,0,0,0,0,0,0,0
0.0,-1.0,29.881137667304014,0,0,7.05,1,0,0,0,1,0,1,0,0,0,1,0,0,1,1,0,0,0,0,0,0,0,0
0.0,-1.0,17.0,0,0,10.5,1,0,0,0,1,0,1,0,0,0,1,0,1,0,1,0,0,0,0,0,0,0,0
0.0,-1.0,60.0,1,0,13.0,1,0,1,0,0,0,1,0,0,1,0,0,1,0,1,0,0,0,0,0,0,0,0
0.0,-1.0,38.0,4,2,7.775,1,0,0,1,0,0,1,0,0,1,0,0,0,1,1,0,0,0,0,0,0,0,0
0.0,-1.0,42.0,0,0,42.5,1,0,0,0,1,0,1,0,0,0,1,1,0,0,0,0,0,0,1,0,0,0,0
0.0,-1.0,29.881137667304014,0,0,7.8792,1,0,0,1,0,0,1,0,0,1,0,0,0,1,1,0,0,0,0,0,0,0,0
0.0,-1.0,57.0,1,1,41.216675,1,0,1,0,0,0,1,0,0,0,1,1,0,0,1,0,0,0,0,0,0,0,0
0.0,-1.0,50.0,1,1,42.3,1,0,1,0,0,0,1,0,0,1,0,1,0,0,0,1,0,0,0,0,0,0,0
0.0,-1.0,29.881137667304014,0,0,8.05,1,0,0,0,1,0,1,0,0,0,1,0,0,1,1,0,0,0,0,0,0,0,0
0.0,-1.0,30.0,1,0,13.8583,1,0,0,1,0,0,1,0,0,1,0,0,1,0,1,0,0,0,0,0,0,0,0
0.0,-1.0,21.0,0,0,8.05,1,0,0,0,1,0,1,0,0,0,1,0,0,1,1,0,0,0,0,0,0,0,0
0.0,-1.0,22.0,0,0,10.5,1,0,1,0,0,0,1,0,0,1,0,0,1,0,0,0,0,0,0,0,1,0,0
0.0,-1.0,21.0,0,0,7.7958,1,0,0,0,1,0,1,0,0,0,1,0,0,1,1,0,0,0,0,0,0,0,0
0.0,-1.0,53.0,0,0,27.4458,1,0,1,0,0,0,1,0,0,1,0,1,0,0,1,0,0,0,0,0,0,0,0
0.0,-1.0,29.881137667304014,0,2,5.081933333333333,1,0,1,0,0,0,1,0,0,1,0,0,0,1,1,0,0,0,0,0,0,0,0
0.0,-1.0,23.0,0,0,7.7958,1,0,0,0,1,0,1,0,0,0,1,0,0,1,1,0,0,0,0,0,0,0,0
0.0,-1.0,29.881137667304014,0,0,7.75,1,0,0,1,0,0,1,0,0,1,0,0,0,1,1,0,0,0,0,0,0,0,0
0.0,-1.0,40.5,0,0,7.55,1,0,0,0,1,0,1,0,0,0,1,0,0,1,1,0,0,0,0,0,0,0,0
0.0,-1.0,36.0,0,0,13.0,1,0,0,0,1,0,1,0,0,0,1,0,1,0,1,0,0,0,0,0,0,0,0
0.0,-1.0,14.0,0,0,13.0,0,1,0,0,1,0,1,0,0,0,1,0,1,0,1,0,0,0,0,0,0,0,0
0.0,-1.0,21.0,0,0,26.55,1,0,0,1,0,0,1,0,0,1,0,1,0,0,1,0,0,0,0,0,0,0,0
0.0,-1.0,21.0,1,0,6.4958,1,0,0,0,1,0,1,0,0,0,1,0,0,1,1,0,0,0,0,0,0,0,0
0.0,-1.0,29.881137667304014,0,0,7.8792,1,0,0,0,1,0,1,0,0,0,1,0,0,1,1,0,0,0,0,0,0,0,0
0.0,-1.0,39.0,1,0,35.64165,1,0,1,0,0,0,1,0,0,0,1,1,0,0,0,1,0,0,0,0,0,0,0
0.0,-1.0,20.0,0,0,7.8542,1,0,0,0,1,0,1,0,0,0,1,0,0,1,1,0,0,0,0,0,0,0,0
0.0,-1.0,64.0,1,0,37.625,1,0,1,0,0,0,1,0,0,0,1,1,0,0,0,0,0,1,0,0,0,0,0
0.0,-1.0,20.0,0,0,7.225,1,0,0,0,1,0,1,0,0,0,1,0,0,1,1,0,0,0,0,0,0,0,0
0.0,-1.0,18.0,1,1,13.0,1,0,0,1,0,0,1,0,0,1,0,0,1,0,1,0,0,0,0,0,0,0,0
0.0,-1.0,48.0,1,0,35.475,1,0,1,0,0,0,1,0,0,1,0,1,0,0,0,1,0,0,0,0,0,0,0
0.0,-1.0,55.0,0,0,27.7208,1,0,1,0,0,0,1,0,0,1,0,1,0,0,1,0,0,0,0,0,0,0,0
0.0,-1.0,45.0,0,2,15.0,1,0,1,0,0,0,1,0,0,1,0,0,1,0,1,0,0,0,0,0,0,0,0
0.0,-1.0,45.0,1,1,26.9,1,0,1,0,0,0,1,0,0,0,1,1,0,0,0,0,0,0,0,0,0,0,1
0.0,-1.0,29.881137667304014,0,0,7.8875,1,0,0,0,1,0,1,0,0,0,1,0,0,1,1,0,0,0,0,0,0,0,0
0.0,-1.0,29.881137667304014,1,2,5.8625,0,1,0,1,0,0,1,0,0,0,1,0,0,1,1,0,0,0,0,0,0,0,0
0.0,-1.0,41.0,1,0,25.93125,1,0,1,0,0,0,1,0,0,0,1,1,0,0,0,0,0,1,0,0,0,0,0
0.0,-1.0,22.0,0,0,10.5,1,0,1,0,0,0,1,0,0,1,0,0,1,0,1,0,0,0,0,0,0,0,0
0.0,-1.0,42.0,1,1,10.833333333333334,1,0,1,0,0,0,1,0,0,0,1,0,1,0,1,0,0,0,0,0,0,0,0
0.0,-1.0,29.0,1,0,13.0,1,0,1,0,0,0,1,0,0,1,0,0,1,0,1,0,0,0,0,0,0,0,0
0.0,-1.0,29.881137667304014,1,0,7.2271,1,0,1,0,0,0,1,0,0,1,0,0,0,1,1,0,0,0,0,0,0,0,0
0.0,-1.0,0.92,1,2,6.9375,0,1,0,1,0,0,1,0,0,1,0,0,1,0,1,0,0,0,0,0,0,0,0
0.0,-1.0,20.0,0,0,7.925,1,0,0,0,1,0,1,0,0,0,1,0,0,1,1,0,0,0,0,0,0,0,0
0.0,-1.0,27.0,1,0,68.3896,1,0,1,0,0,0,1,0,0,0,1,1,0,0,0,1,0,0,0,0,0,0,0
0.0,-1.0,24.0,0,0,9.325,1,0,0,0,1,0,1,0,0,0,1,0,0,1,1,0,0,0,0,0,0,0,0
0.0,-1.0,32.5,0,0,9.5,1,0,0,0,1,0,1,0,0,0,1,0,0,1,1,0,0,0,0,0,0,0,0
0.0,-1.0,29.881137667304014,0,0,7.55,1,0,0,0,1,0,1,0,0,0,1,0,0,1,1,0,0,0,0,0,0,0,0
0.0,-1.0,29.881137667304014,0,0,7.75,1,0,0,0,1,0,1,0,0,0,1,0,0,1,1,0,0,0,0,0,0,0,0
0.0,-1.0,28.0,0,0,8.05,1,0,0,0,1,0,1,0,0,0,1,0,0,1,1,0,0,0,0,0,0,0,0
0.0,-1.0,19.0,0,0,13.0,1,0,0,1,0,0,1,0,0,1,0,0,1,0,1,0,0,0,0,0,0,0,0
0.0,-1.0,21.0,0,0,7.775,1,0,0,0,1,0,1,0,0,0,1,0,0,1,1,0,0,0,0,0,0,0,0
0.0,-1.0,36.5,1,0,8.7,1,0,1,0,0,0,1,0,0,0,1,0,0,1,1,0,0,0,0,0,0,0,0
0.0,-1.0,21.0,0,0,7.8542,1,0,0,0,1,0,1,0,0,0,1,0,0,1,1,0,0,0,0,0,0,0,0
0.0,-1.0,29.0,0,2,7.666666666666667,1,0,1,0,0,0,1,0,0,1,0,0,1,0,1,0,0,0,0,0,0,0,0
0.0,-1.0,1.0,1,1,6.09165,0,1,0,1,0,0,1,0,0,1,0,0,0,1,1,0,0,0,0,0,0,0,0
0.0,-1.0,30.0,0,0,12.7375,1,0,0,0,1,0,1,0,0,0,1,0,1,0,1,0,0,0,0,0,0,0,0
0.0,-1.0,29.881137667304014,0,0,7.8958,1,0,0,0,1,0,1,0,0,0,1,0,0,1,1,0,0,0,0,0,0,0,0
0.0,-1.0,29.881137667304014,0,0,0.0,1,0,0,0,1,0,1,0,0,0,1,1,0,0,1,0,0,0,0,0,0,0,0
0.0,-1.0,29.881137667304014,0,0,7.55,1,0,0,0,1,0,1,0,0,0,1,0,0,1,1,0,0,0,0,0,0,0,0
0.0,-1.0,29.881137667304014,0,0,8.05,1,0,0,1,0,0,1,0,0,1,0,0,0,1,1,0,0,0,0,0,0,0,0
0.0,-1.0,17.0,0,0,8.6625,1,0,0,0,1,0,1,0,0,0,1,0,0,1,1,0,0,0,0,0,0,0,0
0.0,-1.0,46.0,0,0,37.62085,1,0,0,0,1,0,1,0,0,0,1,1,0,0,0,1,0,0,0,0,0,0,0
0.0,-1.0,29.881137667304014,0,0,7.75,1,0,0,0,1,0,1,0,0,0,1,0,0,1,1,0,0,0,0,0,0,0,0
0.0,-1.0,26.0,1,0,68.3896,1,0,1,0,0,0,1,0,0,1,0,1,0,0,0,1,0,0,0,0,0,0,0
0.0,-1.0,29.881137667304014,1,0,7.75,1,0,0,1,0,0,1,0,0,1,0,0,0,1,1,0,0,0,0,0,0,0,0
0.0,-1.0,29.881137667304014,0,0,7.225,1,0,0,0,1,0,1,0,0,0,1,0,0,1,1,0,0,0,0,0,0,0,0
0.0,-1.0,20.0,1,0,13.0,1,0,0,1,0,0,1,0,0,1,0,0,1,0,1,0,0,0,0,0,0,0,0
0.0,-1.0,28.0,0,0,10.5,1,0,0,0,1,0,1,0,0,0,1,0,1,0,1,0,0,0,0,0,0,0,0
0.0,-1.0,40.0,1,0,13.0,1,0,0,0,1,0,1,0,0,0,1,0,1,0,1,0,0,0,0,0,0,0,0
0.0,-1.0,30.0,1,0,10.5,1,0,1,0,0,0,1,0,0,0,1,0,1,0,1,0,0,0,0,0,0,0,0
0.0,-1.0,22.0,0,0,10.5,1,0,0,0,1,0,1,0,0,0,1,0,1,0,1,0,0,0,0,0,0,0,0
0.0,-1.0,23.0,0,0,8.6625,1,0,0,1,0,0,1,0,0,1,0,0,0,1,1,0,0,0,0,0,0,0,0
0.0,-1.0,0.75,1,1,4.591666666666667,0,1,0,1,0,0,1,0,0,0,1,0,0,1,1,0,0,0,0,0,0,0,0
0.0,-1.0,29.881137667304014,0,0,7.75,1,0,0,1,0,0,1,0,0,1,0,0,0,1,1,0,0,0,0,0,0,0,0
0.0,-1.0,9.0,1,1,5.081933333333333,0,1,0,1,0,0,1,0,0,1,0,0,0,1,1,0,0,0,0,0,0,0,0
0.0,-1.0,2.0,1,1,6.7375,0,1,0,1,0,0,1,0,0,1,0,0,0,1,1,0,0,0,0,0,0,0,0
0.0,-1.0,36.0,0,0,7.25,1,0,0,0,1,0,1,0,0,0,1,0,0,1,1,0,0,0,0,0,0,0,0
0.0,-1.0,29.881137667304014,0,0,7.25,1,0,0,0,1,0,1,0,0,0,1,0,0,1,1,0,0,0,0,0,0,0,0
0.0,-1.0,24.0,1,0,41.13335,1,0,1,0,0,0,1,0,0,0,1,1,0,0,0,0,0,0,1,0,0,0,0
0.0,-1.0,29.881137667304014,0,0,7.2292,1,0,0,0,1,0,1,0,0,0,1,0,0,1,0,0,0,0,0,0,1,0,0
0.0,-1.0,29.881137667304014,0,0,8.05,1,0,0,0,1,0,1,0,0,0,1,0,0,1,1,0,0,0,0,0,0,0,0
0.0,-1.0,29.881137667304014,0,0,39.6,1,0,0,0,1,0,1,0,0,0,1,1,0,0,1,0,0,0,0,0,0,0,0
0.0,-1.0,30.0,0,0,6.95,1,0,0,1,0,0,1,0,0,1,0,0,0,1,1,0,0,0,0,0,0,0,0
0.0,-1.0,29.881137667304014,0,0,7.2292,1,0,0,0,1,0,1,0,0,0,1,0,0,1,1,0,0,0,0,0,0,0,0
0.0,-1.0,53.0,1,1,27.2861,1,0,0,0,1,0,1,0,0,0,1,1,0,0,0,0,0,0,0,1,0,0,0
0.0,-1.0,36.0,0,0,9.5,1,0,0,0,1,0,1,0,0,0,1,0,0,1,1,0,0,0,0,0,0,0,0
0.0,-1.0,26.0,0,0,7.8958,1,0,0,0,1,0,1,0,0,0,1,0,0,1,1,0,0,0,0,0,0,0,0
0.0,-1.0,1.0,1,2,10.3948,0,1,0,1,0,0,1,0,0,1,0,0,1,0,1,0,0,0,0,0,0,0,0
0.0,-1.0,29.881137667304014,2,0,7.226400000000001,1,0,0,0,1,0,1,0,0,0,1,0,0,1,1,0,0,0,0,0,0,0,0
0.0,-1.0,30.0,0,0,45.5,1,0,0,0,1,0,1,0,0,0,1,1,0,0,1,0,0,0,0,0,0,0,0
0.0,-1.0,29.0,0,0,7.8542,1,0,0,0,1,0,1,0,0,0,1,0,0,1,1,0,0,0,0,0,0,0,0
0.0,-1.0,32.0,0,0,7.775,1,0,0,0,1,0,1,0,0,0,1,0,0,1,1,0,0,0,0,0,0,0,0
0.0,-1.0,29.881137667304014,0,0,15.0458,1,0,0,0,1,0,1,0,0,0,1,0,1,0,0,0,0,1,0,0,0,0,0
0.0,-1.0,43.0,0,1,10.5,1,0,0,0,1,0,1,0,0,0,1,0,1,0,1,0,0,0,0,0,0,0,0
0.0,-1.0,24.0,0,0,8.6625,1,0,0,0,1,0,1,0,0,0,1,0,0,1,1,0,0,0,0,0,0,0,0
0.0,-1.0,29.881137667304014,0,0,7.75,1,0,0,1,0,0,1,0,0,1,0,0,0,1,1,0,0,0,0,0,0,0,0
0.0,-1.0,64.0,1,1,26.55,1,0,1,0,0,0,1,0,0,1,0,1,0,0,0,0,0,0,1,0,0,0,0
0.0,-1.0,30.0,1,2,25.258333333333336,1,0,1,0,0,0,1,0,0,0,1,1,0,0,0,1,0,0,0,0,0,0,0
0.0,-1.0,0.83,0,1,4.675,0,1,0,1,0,0,1,0,0,0,1,0,0,1,1,0,0,0,0,0,0,0,0
0.0,-1.0,55.0,1,1,23.375,1,0,1,0,0,0,1,0,0,0,1,1,0,0,0,0,0,0,1,0,0,0,0
0.0,-1.0,45.0,1,0,7.05415,1,0,1,0,0,0,1,0,0,1,0,0,0,1,1,0,0,0,0,0,0,0,0
0.0,-1.0,18.0,0,0,8.6625,1,0,0,0,1,0,1,0,0,0,1,0,0,1,1,0,0,0,0,0,0,0,0
0.0,-1.0,22.0,0,0,7.225,1,0,0,0,1,0,1,0,0,0,1,0,0,1,1,0,0,0,0,0,0,0,0
0.0,-1.0,29.881137667304014,0,0,7.575,1,0,0,0,1,0,1,0,0,0,1,0,0,1,1,0,0,0,0,0,0,0,0
0.0,-1.0,37.0,0,0,7.75,1,0,0,1,0,0,1,0,0,1,0,0,0,1,1,0,0,0,0,0,0,0,0
0.0,-1.0,55.0,0,0,33.908325,1,0,1,0,0,0,1,0,0,1,0,1,0,0,0,1,0,0,0,0,0,0,0
0.0,-1.0,17.0,0,0,7.7333,1,0,0,1,0,0,1,0,0,1,0,0,0,1,1,0,0,0,0,0,0,0,0
0.0,-1.0,57.0,1,0,48.84026666666667,1,0,1,0,0,0,1,0,0,0,1,1,0,0,0,0,0,0,1,0,0,0,0
0.0,-1.0,19.0,0,0,10.5,1,0,0,0,1,0,1,0,0,0,1,0,1,0,1,0,0,0,0,0,0,0,0
0.0,-1.0,27.0,0,0,7.8542,1,0,0,0,1,0,1,0,0,0,1,0,0,1,1,0,0,0,0,0,0,0,0
0.0,-1.0,22.0,2,0,10.5,1,0,0,0,1,0,1,0,0,0,1,0,1,0,1,0,0,0,0,0,0,0,0
0.0,-1.0,26.0,0,0,7.775,1,0,0,0,1,0,1,0,0,0,1,0,0,1,1,0,0,0,0,0,0,0,0
0.0,-1.0,25.0,0,0,7.2292,1,0,0,0,1,0,1,0,0,0,1,0,0,1,0,0,0,0,0,0,1,0,0
0.0,-1.0,26.0,0,0,13.0,1,0,0,0,1,0,1,0,0,0,1,0,1,0,0,0,0,0,0,0,1,0,0
0.0,-1.0,33.0,0,0,26.55,1,0,0,0,1,0,1,0,0,0,1,1,0,0,1,0,0,0,0,0,0,0,0
0.0,-1.0,39.0,0,0,52.834375,1,0,0,1,0,0,1,0,0,1,0,1,0,0,1,0,0,0,0,0,0,0,0
0.0,-1.0,23.0,0,0,7.05,1,0,0,0,1,0,1,0,0,0,1,0,0,1,1,0,0,0,0,0,0,0,0
0.0,-1.0,12.0,2,1,9.75,0,1,0,1,0,0,1,0,0,1,0,0,1,0,0,0,0,0,0,0,1,0,0
0.0,-1.0,46.0,0,0,39.6,1,0,0,0,1,0,1,0,0,0,1,1,0,0,1,0,0,0,0,0,0,0,0
0.0,-1.0,29.0,1,0,13.0,1,0,1,0,0,0,1,0,0,0,1,0,1,0,1,0,0,0,0,0,0,0,0
0.0,-1.0,21.0,0,0,13.0,1,0,0,0,1,0,1,0,0,0,1,0,1,0,1,0,0,0,0,0,0,0,0
0.0,-1.0,48.0,0,2,9.1875,1,0,1,0,0,0,1,0,0,1,0,0,1,0,1,0,0,0,0,0,0,0,0
0.0,-1.0,39.0,0,0,29.7,1,0,0,0,1,0,1,0,0,0,1,1,0,0,0,0,0,0,0,1,0,0,0
0.0,-1.0,29.881137667304014,0,0,7.225,1,0,0,0,1,0,1,0,0,0,1,0,0,1,1,0,0,0,0,0,0,0,0
0.0,-1.0,19.0,1,1,5.247233333333333,1,0,1,0,0,0,1,0,0,1,0,0,0,1,1,0,0,0,0,0,0,0,0
0.0,-1.0,27.0,0,0,7.8958,1,0,0,0,1,0,1,0,0,0,1,0,0,1,1,0,0,0,0,0,0,0,0
0.0,-1.0,30.0,0,0,26.0,1,0,0,0,1,0,1,0,0,0,1,1,0,0,0,1,0,0,0,0,0,0,0
0.0,-1.0,32.0,0,0,13.0,1,0,0,0,1,0,1,0,0,0,1,0,1,0,1,0,0,0,0,0,0,0,0
0.0,-1.0,39.0,0,2,7.2292,1,0,0,0,1,0,1,0,0,0,1,0,0,1,1,0,0,0,0,0,0,0,0
0.0,-1.0,25.0,0,0,10.5,1,0,0,0,1,0,1,0,0,0,1,0,1,0,1,0,0,0,0,0,0,0,0
0.0,-1.0,29.881137667304014,0,0,7.2292,0,1,0,1,0,0,1,0,0,0,1,0,0,1,1,0,0,0,0,0,0,0,0
0.0,-1.0,18.0,0,0,10.5,1,0,0,0,1,0,1,0,0,0,1,0,1,0,1,0,0,0,0,0,0,0,0
0.0,-1.0,32.0,0,0,7.5792,1,0,0,0,1,0,1,0,0,0,1,0,0,1,1,0,0,0,0,0,0,0,0
0.0,-1.0,29.881137667304014,1,9,6.322727272727272,1,0,1,0,0,0,1,0,0,0,1,0,0,1,1,0,0,0,0,0,0,0,0
0.0,-1.0,58.0,0,1,128.0823,1,0,1,0,0,0,1,0,0,1,0,1,0,0,0,0,0,0,1,0,0,0,0
0.0,-1.0,29.881137667304014,1,1,4.833333333333333,0,1,0,1,0,0,1,0,0,0,1,0,0,1,1,0,0,0,0,0,0,0,0
0.0,-1.0,16.0,0,0,7.65,1,0,0,1,0,0,1,0,0,1,0,0,0,1,1,0,0,0,0,0,0,0,0
0.0,-1.0,26.0,0,0,13.0,1,0,0,0,1,0,1,0,0,0,1,0,1,0,1,0,0,0,0,0,0,0,0
0.0,-1.0,38.0,0,0,7.2292,1,0,1,0,0,0,1,0,0,1,0,0,0,1,1,0,0,0,0,0,0,0,0
0.0,-1.0,24.0,0,0,13.5,1,0,0,0,1,0,1,0,0,0,1,0,1,0,1,0,0,0,0,0,0,0,0
0.0,-1.0,31.0,0,0,10.5,1,0,0,1,0,0,1,0,0,1,0,0,1,0,1,0,0,0,0,0,0,0,0
0.0,-1.0,45.0,0,1,31.67915,1,0,1,0,0,0,1,0,0,1,0,1,0,0,0,0,0,1,0,0,0,0,0
0.0,-1.0,25.0,0,0,10.5,1,0,0,0,1,0,1,0,0,0,1,0,1,0,1,0,0,0,0,0,0,0,0
0.0,-1.0,18.0,0,0,10.5,1,0,0,0,1,0,1,0,0,0,1,0,1,0,1,0,0,0,0,0,0,0,0
0.0,-1.0,49.0,1,2,13.0,1,0,1,0,0,0,1,0,0,0,1,0,1,0,1,0,0,0,0,0,0,0,0
0.0,-1.0,0.17,1,2,5.14375,0,1,0,1,0,0,1,0,0,1,0,0,0,1,1,0,0,0,0,0,0,0,0
0.0,-1.0,50.0,0,0,26.0,1,0,0,0,1,0,1,0,0,0,1,1,0,0,0,0,0,0,0,0,0,0,1
0.0,-1.0,59.0,2,0,25.7396,1,0,1,0,0,0,1,0,0,1,0,1,0,0,0,1,0,0,0,0,0,0,0
0.0,-1.0,29.881137667304014,0,0,7.8792,1,0,0,0,1,0,1,0,0,0,1,0,0,1,1,0,0,0,0,0,0,0,0
0.0,-1.0,29.881137667304014,0,0,7.75,1,0,0,0,1,0,1,0,0,0,1,0,0,1,1,0,0,0,0,0,0,0,0
0.0,-1.0,30.0,1,0,7.775,1,0,1,0,0,0,1,0,0,1,0,0,0,1,1,0,0,0,0,0,0,0,0
0.0,-1.0,14.5,8,2,6.322727272727272,0,1,0,1,0,0,1,0,0,0,1,0,0,1,1,0,0,0,0,0,0,0,0
0.0,-1.0,24.0,1,1,12.334733333333332,1,0,1,0,0,0,1,0,0,1,0,0,1,0,1,0,0,0,0,0,0,0,0
0.0,-1.0,31.0,0,0,10.5,1,0,1,0,0,0,1,0,0,1,0,0,1,0,1,0,0,0,0,0,0,0,0
0.0,-1.0,27.0,0,0,8.6625,1,0,0,0,1,0,1,0,0,0,1,0,0,1,1,0,0,0,0,0,0,0,0
0.0,-1.0,25.0,1,0,27.72085,1,0,1,0,0,0,1,0,0,1,0,1,0,0,0,0,0,0,0,0,0,0,1
0.0,-1.0,29.881137667304014,1,9,6.322727272727272,1,0,1,0,0,0,1,0,0,1,0,0,0,1,1,0,0,0,0,0,0,0,0
0.0,-1.0,29.881137667304014,1,0,7.22915,1,0,1,0,0,0,1,0,0,0,1,0,0,1,1,0,0,0,0,0,0,0,0
0.0,-1.0,22.0,0,0,5.669642857142857,1,0,0,1,0,0,1,0,0,1,0,0,0,1,1,0,0,0,0,0,0,0,0
0.0,-1.0,45.0,0,1,29.7,1,0,1,0,0,0,1,0,0,1,0,1,0,0,1,0,0,0,0,0,0,0,0
0.0,-1.0,29.0,0,0,13.8583,1,0,0,0,1,0,1,0,0,0,1,0,1,0,1,0,0,0,0,0,0,0,0
0.0,-1.0,21.0,1,0,11.5,1,0,0,0,1,0,1,0,0,0,1,0,1,0,1,0,0,0,0,0,0,0,0
0.0,-1.0,31.0,0,0,26.9,1,0,0,1,0,0,1,0,0,1,0,1,0,0,0,0,0,0,0,0,0,0,1
0.0,-1.0,49.0,0,0,0.0,1,0,0,0,1,0,1,0,0,0,1,1,0,0,0,0,0,0,1,0,0,0,0
0.0,-1.0,44.0,0,0,13.0,1,0,0,0,1,0,1,0,0,0,1,0,1,0,1,0,0,0,0,0,0,0,0
0.0,-1.0,54.0,1,1,27.2861,1,0,1,0,0,0,1,0,0,1,0,1,0,0,0,0,0,0,0,1,0,0,0
0.0,-1.0,45.0,0,0,37.482142857142854,1,0,0,1,0,0,1,0,0,1,0,1,0,0,1,0,0,0,0,0,0,0,0
0.0,-1.0,22.0,2,0,8.6625,1,0,0,1,0,0,1,0,0,1,0,0,0,1,1,0,0,0,0,0,0,0,0
0.0,-1.0,21.0,0,0,11.5,1,0,0,0,1,0,1,0,0,0,1,0,1,0,1,0,0,0,0,0,0,0,0
0.0,-1.0,55.0,0,0,50.0,1,0,0,0,1,0,1,0,0,0,1,1,0,0,0,1,0,0,0,0,0,0,0
0.0,-1.0,5.0,4,2,4.483928571428572,0,1,0,1,0,0,1,0,0,0,1,0,0,1,1,0,0,0,0,0,0,0,0
0.0,-1.0,29.881137667304014,0,0,7.75,1,0,0,0,1,0,1,0,0,0,1,0,0,1,1,0,0,0,0,0,0,0,0
0.0,-1.0,26.0,0,0,7.8792,1,0,0,0,1,0,1,0,0,0,1,0,0,1,1,0,0,0,0,0,0,0,0
0.0,-1.0,29.881137667304014,0,0,7.25,1,0,1,0,0,0,1,0,0,1,0,0,0,1,1,0,0,0,0,0,0,0,0
0.0,-1.0,19.0,1,0,8.05,1,0,1,0,0,0,1,0,0,1,0,0,0,1,1,0,0,0,0,0,0,0,0
0.0,-1.0,29.881137667304014,0,0,12.875,1,0,0,0,1,0,1,0,0,0,1,0,1,0,1,0,0,0,0,0,0,0,0
0.0,-1.0,24.0,1,2,13.0,1,0,0,1,0,0,1,0,0,1,0,0,1,0,1,0,0,0,0,0,0,0,0
0.0,-1.0,24.0,0,0,7.775,1,0,0,0,1,0,1,0,0,0,1,0,0,1,1,0,0,0,0,0,0,0,0
0.0,-1.0,57.0,0,0,13.0,1,0,0,0,1,0,1,0,0,0,1,0,1,0,1,0,0,0,0,0,0,0,0
0.0,-1.0,21.0,0,0,7.75,1,0,0,0,1,0,1,0,0,0,1,0,0,1,1,0,0,0,0,0,0,0,0
0.0,-1.0,6.0,3,1,4.215,0,1,0,1,0,0,1,0,0,0,1,0,0,1,1,0,0,0,0,0,0,0,0
0.0,-1.0,23.0,0,0,23.375,1,0,0,0,1,0,1,0,0,0,1,1,0,0,0,0,0,0,1,0,0,0,0
0.0,-1.0,51.0,0,1,19.7,1,0,1,0,0,0,1,0,0,1,0,1,0,0,0,0,0,1,0,0,0,0,0
0.0,-1.0,13.0,0,2,6.75,0,1,0,1,0,0,1,0,0,0,1,0,0,1,1,0,0,0,0,0,0,0,0
0.0,-1.0,47.0,0,0,10.5,1,0,0,0,1,0,1,0,0,0,1,0,1,0,1,0,0,0,0,0,0,0,0
0.0,-1.0,29.0,3,1,7.341666666666666,1,0,1,0,0,0,1,0,0,0,1,0,0,1,1,0,0,0,0,0,0,0,0
0.0,-1.0,18.0,1,0,30.0,1,0,1,0,0,0,1,0,0,1,0,1,0,0,0,1,0,0,0,0,0,0,0
0.0,-1.0,24.0,0,0,7.25,1,0,0,0,1,0,1,0,0,0,1,0,0,1,1,0,0,0,0,0,0,0,0
0.0,-1.0,48.0,1,1,39.6,1,0,1,0,0,0,1,0,0,1,0,1,0,0,0,0,0,0,1,0,0,0,0
0.0,-1.0,22.0,0,0,7.775,1,0,0,0,1,0,1,0,0,0,1,0,0,1,1,0,0,0,0,0,0,0,0
0.0,-1.0,31.0,0,0,7.7333,1,0,0,0,1,0,1,0,0,0,1,0,0,1,1,0,0,0,0,0,0,0,0
0.0,-1.0,30.0,0,0,41.216675,1,0,0,1,0,0,1,0,0,1,0,1,0,0,0,1,0,0,0,0,0,0,0
0.0,-1.0,38.0,1,0,10.5,1,0,0,0,1,0,1,0,0,0,1,0,1,0,1,0,0,0,0,0,0,0,0
0.0,-1.0,22.0,0,1,29.7,1,0,0,1,0,0,1,0,0,1,0,1,0,0,1,0,0,0,0,0,0,0,0
0.0,-1.0,17.0,0,0,23.55,1,0,0,0,1,0,1,0,0,0,1,1,0,0,1,0,0,0,0,0,0,0,0
0.0,-1.0,43.0,1,0,27.7208,1,0,0,0,1,0,1,0,0,0,1,1,0,0,0,0,0,1,0,0,0,0,0
0.0,-1.0,20.0,0,0,13.8625,1,0,0,0,1,0,1,0,0,0,1,0,1,0,0,0,0,1,0,0,0,0,0
0.0,-1.0,23.0,1,0,10.5,1,0,0,0,1,0,1,0,0,0,1,0,1,0,1,0,0,0,0,0,0,0,0
0.0,-1.0,50.0,1,1,42.3,1,0,1,0,0,0,1,0,0,0,1,1,0,0,0,1,0,0,0,0,0,0,0
0.0,-1.0,29.881137667304014,0,0,7.7208,1,0,0,1,0,0,1,0,0,1,0,0,0,1,1,0,0,0,0,0,0,0,0
0.0,-1.0,3.0,1,1,4.591666666666667,0,1,0,1,0,0,1,0,0,1,0,0,0,1,1,0,0,0,0,0,0,0,0
0.0,-1.0,29.881137667304014,0,0,7.75,1,0,0,1,0,0,1,0,0,1,0,0,0,1,1,0,0,0,0,0,0,0,0
0.0,-1.0,37.0,1,0,30.0,1,0,1,0,0,0,1,0,0,1,0,1,0,0,0,1,0,0,0,0,0,0,0
0.0,-1.0,28.0,0,0,7.775,1,0,0,1,0,0,1,0,0,1,0,0,0,1,1,0,0,0,0,0,0,0,0
0.0,-1.0,29.881137667304014,0,0,8.05,1,0,0,0,1,0,1,0,0,0,1,0,0,1,1,0,0,0,0,0,0,0,0
0.0,-1.0,39.0,0,0,36.300000000000004,1,0,0,0,1,1,0,0,0,1,0,1,0,0,0,1,0,0,0,0,0,0,0
0.0,-1.0,38.5,0,0,7.25,1,0,0,0,1,0,1,0,0,0,1,0,0,1,1,0,0,0,0,0,0,0,0
0.0,-1.0,29.881137667304014,0,0,8.05,1,0,0,0,1,0,1,0,0,0,1,0,0,1,1,0,0,0,0,0,0,0,0
0.0,-1.0,29.881137667304014,1,1,7.452766666666666,0,1,0,1,0,0,1,0,0,0,1,0,0,1,1,0,0,0,0,0,0,0,0
